{
"type": "FeatureCollection",
"name": "nyc-recommendations",
"crs": { "type": "name", "properties": { "name": "urn:ogc:def:crs:OGC:1.3:CRS84" } },
"features": [
{ "type": "Feature", "properties": { "URL": "https://www.google.com/maps/place/222+Speakeasy/data=!4m2!3m1!1s0x89c25953732ce725:0x67738d3649b2184f", "Title": "222 Speakeasy", "Note": null, "Tags": null, "Comment": null, "Categories": "Bars", "Status": "visible", "Featured": "no", "Latitude": 40.7833931, "Longitude": -73.9794128, "Matched_Address": "Mochi Dolci & 222 Speakeasy, 222, West 79th Street, Upper West Side, Manhattan Community Board 7, Manhattan, New York County, New York, 10024, United States", "Neighborhood": "Upper West Side (Central)", "Borough": "Manhattan", "Primary_Category": "Bars", "Emoji": "🍷" }, "geometry": { "type": "Point", "coordinates": [ -73.9794128, 40.7833931 ] } },
{ "type": "Feature", "properties": { "URL": "https://www.google.com/maps/place/308+E+8th+St/data=!4m2!3m1!1s0x89c259777e358acf:0xdf7b5d2344d971fd", "Title": "308 E 8th St", "Note": "Live garden jazz", "Tags": null, "Comment": null, "Categories": "Jazz", "Status": "visible", "Featured": "no", "Latitude": 40.7250935, "Longitude": -73.9798982, "Matched_Address": "308, East 8th Street, Alphabet City, Manhattan Community Board 3, Manhattan, New York County, New York, 10009, United States", "Neighborhood": "East Village", "Borough": "Manhattan", "Primary_Category": "Jazz", "Emoji": "🎷" }, "geometry": { "type": "Point", "coordinates": [ -73.9798982, 40.7250935 ] } },
{ "type": "Feature", "properties": { "URL": "https://www.google.com/maps/place/4021+5th+Ave/data=!4m2!3m1!1s0x89c258969bba2e9f:0x5171fdae1a5cb4fa", "Title": "4021 5th Ave", "Note": "Flor bakery", "Tags": null, "Comment": null, "Categories": "Restaurants and Food", "Status": "visible", "Featured": "no", "Latitude": 40.6501426, "Longitude": -74.0047209, "Matched_Address": "4021, 5th Avenue, Sunset Park, Brooklyn, Kings County, New York, 11232, United States", "Neighborhood": "Sunset Park (Central)", "Borough": "Brooklyn", "Primary_Category": "Restaurants and Food", "Emoji": "🍴" }, "geometry": { "type": "Point", "coordinates": [ -74.0047209, 40.6501426 ] } },
{ "type": "Feature", "properties": { "URL": "https://www.google.com/maps/place/69+Atlantic/data=!4m2!3m1!1s0x89c25b7d2168d6fd:0x81a5a06ea2f92526", "Title": "69 Atlantic", "Note": "Magic show on weekends", "Tags": null, "Comment": null, "Categories": "Bars", "Status": "visible", "Featured": "no", "Latitude": 40.6914945, "Longitude": -73.998023, "Matched_Address": "69, Atlantic Avenue, Brooklyn Heights, Brooklyn, Kings County, New York, 11201, United States", "Neighborhood": "Brooklyn Heights", "Borough": "Brooklyn", "Primary_Category": "Bars", "Emoji": "🍷" }, "geometry": { "type": "Point", "coordinates": [ -73.998023, 40.6914945 ] } },
{ "type": "Feature", "properties": { "URL": "https://www.google.com/maps/place/6BC+Botanical+Garden/data=!4m2!3m1!1s0x89c259784829116f:0xf93432a55c3a41cb", "Title": "6BC Botanical Garden", "Note": null, "Tags": null, "Comment": null, "Categories": "Things", "Status": "visible", "Featured": "no", "Latitude": 40.7238644, "Longitude": -73.9806699, "Matched_Address": "6BC Botanical Garden, Manhattan Community Board 3, Manhattan, New York County, New York, 10009, United States", "Neighborhood": "East Village", "Borough": "Manhattan", "Primary_Category": "Things", "Emoji": "✨" }, "geometry": { "type": "Point", "coordinates": [ -73.9806699, 40.7238644 ] } },
{ "type": "Feature", "properties": { "URL": "https://www.google.com/maps/place/787+Coffee/data=!4m2!3m1!1s0x89c25984bf3c6a45:0x905aa869c527086e", "Title": "787 Coffee", "Note": null, "Tags": null, "Comment": null, "Categories": "Cafes and Desserts", "Status": "visible", "Featured": "no", "Latitude": 40.7340242, "Longitude": -74.0039038, "Matched_Address": "787 Coffee, West 10th Street, West Village, Manhattan, New York County, New York, 10014, United States", "Neighborhood": "West Village", "Borough": "Manhattan", "Primary_Category": "Cafes and Desserts", "Emoji": "☕" }, "geometry": { "type": "Point", "coordinates": [ -74.0039038, 40.7340242 ] } },
{ "type": "Feature", "properties": { "URL": "https://www.google.com/maps/place/787+Coffee/data=!4m2!3m1!1s0x89c259c27bef92a1:0x965ea0a40b878d88", "Title": "787 Coffee", "Note": null, "Tags": null, "Comment": null, "Categories": "Cafes and Desserts", "Status": "visible", "Featured": "no", "Latitude": 40.7340242, "Longitude": -74.0039038, "Matched_Address": "787 Coffee, West 10th Street, West Village, Manhattan, New York County, New York, 10014, United States", "Neighborhood": "West Village", "Borough": "Manhattan", "Primary_Category": "Cafes and Desserts", "Emoji": "☕" }, "geometry": { "type": "Point", "coordinates": [ -74.0039038, 40.7340242 ] } },
{ "type": "Feature", "properties": { "URL": "https://www.google.com/maps/place/81+St-Museum+of+Natural+History/data=!4m2!3m1!1s0x89c2588fc50eabc7:0x145ef5ddf63a434e", "Title": "81 St-Museum of Natural History", "Note": null, "Tags": null, "Comment": null, "Categories": "Museum & things", "Status": "visible", "Featured": "no", "Latitude": 40.7817835, "Longitude": -73.9719225, "Matched_Address": "81st Street–Museum of Natural History, Central Park West, Upper West Side, Manhattan Community Board 7, Manhattan, New York County, New York, 10024, United States", "Neighborhood": "Upper West Side (Central)", "Borough": "Manhattan", "Primary_Category": "Museum & things", "Emoji": "🏛️" }, "geometry": { "type": "Point", "coordinates": [ -73.9719225, 40.7817835 ] } },
{ "type": "Feature", "properties": { "URL": "https://www.google.com/maps/place/876+Riverside+Dr/data=!4m2!3m1!1s0x89c2f72cbb70c899:0x704fa5cad601f4bd", "Title": "876 Riverside Dr", "Note": null, "Tags": null, "Comment": null, "Categories": "Things", "Status": "visible", "Featured": "no", "Latitude": 40.8369982, "Longitude": -73.9466639, "Matched_Address": "876, Riverside Drive, Washington Heights, Manhattan Community Board 12, Manhattan, New York County, New York, 10032, United States", "Neighborhood": "Washington Heights (South)", "Borough": "Manhattan", "Primary_Category": "Things", "Emoji": "✨" }, "geometry": { "type": "Point", "coordinates": [ -73.9466639, 40.8369982 ] } },
{ "type": "Feature", "properties": { "URL": "https://www.google.com/maps/place/886/data=!4m2!3m1!1s0x89c2599c7fcbb829:0x7b5e34986081ae61", "Title": "886", "Note": null, "Tags": null, "Comment": null, "Categories": "Restaurants and Food", "Status": "visible", "Featured": "no", "Latitude": 40.7127281, "Longitude": -74.0060152, "Matched_Address": "New York, United States", "Neighborhood": "Tribeca-Civic Center", "Borough": "Manhattan", "Primary_Category": "Restaurants and Food", "Emoji": "🍴" }, "geometry": { "type": "Point", "coordinates": [ -74.0060152, 40.7127281 ] } },
{ "type": "Feature", "properties": { "URL": "https://www.google.com/maps/place/9%2F11+Memorial+%26+Museum/data=!4m2!3m1!1s0x89c25a1a3be8cb45:0xf430ccc5401d1eed", "Title": "9/11 Memorial & Museum", "Note": "Mid at best👎", "Tags": null, "Comment": null, "Categories": "Museum & things", "Status": "visible", "Featured": "no", "Latitude": 40.7114527, "Longitude": -74.0126703, "Matched_Address": "9/11 Memorial & Museum, 180, Greenwich Street, Tribeca, Lower Manhattan, Manhattan, New York County, New York, 10007, United States", "Neighborhood": "Financial District-Battery Park City", "Borough": "Manhattan", "Primary_Category": "Museum & things", "Emoji": "🏛️" }, "geometry": { "type": "Point", "coordinates": [ -74.0126703, 40.7114527 ] } },
{ "type": "Feature", "properties": { "URL": "https://www.google.com/maps/place/ANDO+patisserie/data=!4m2!3m1!1s0x89c2598cb2e54721:0x678d61a43095938d", "Title": "ANDO patisserie", "Note": null, "Tags": null, "Comment": null, "Categories": "Cafes and Desserts", "Status": "visible", "Featured": "no", "Latitude": 40.7158523, "Longitude": -73.9439577, "Matched_Address": "Ando Patisserie, 174, Conselyea Street, Williamsburg, Brooklyn, Kings County, New York, 11211, United States", "Neighborhood": "East Williamsburg", "Borough": "Brooklyn", "Primary_Category": "Cafes and Desserts", "Emoji": "☕" }, "geometry": { "type": "Point", "coordinates": [ -73.9439577, 40.7158523 ] } },
{ "type": "Feature", "properties": { "URL": "https://www.google.com/maps/place/Abra%C3%A7o/data=!4m2!3m1!1s0x89c2599cde37d703:0x53a4bd028dd5e6ce", "Title": "Abraço", "Note": null, "Tags": null, "Comment": null, "Categories": "Cafes and Desserts", "Status": "visible", "Featured": "no", "Latitude": 40.7273019, "Longitude": -73.9861875, "Matched_Address": "Abraço, 81, East 7th Street, East Village, Manhattan Community Board 3, Manhattan, New York County, New York, 10003, United States", "Neighborhood": "East Village", "Borough": "Manhattan", "Primary_Category": "Cafes and Desserts", "Emoji": "☕" }, "geometry": { "type": "Point", "coordinates": [ -73.9861875, 40.7273019 ] } },
{ "type": "Feature", "properties": { "URL": "https://www.google.com/maps/place/Addey+Ababa/data=!4m2!3m1!1s0x89c2f744e2a6b2b7:0x801717bdb318cbf4", "Title": "Addey Ababa", "Note": null, "Tags": null, "Comment": null, "Categories": "Restaurants and Food", "Status": "visible", "Featured": "no", "Latitude": 40.8505785, "Longitude": -73.9376955, "Matched_Address": "Addey Ababa, 736, West 181st Street, Hudson Heights, Manhattan Community Board 12, Manhattan, New York County, New York, 10033, United States", "Neighborhood": "Washington Heights (North)", "Borough": "Manhattan", "Primary_Category": "Restaurants and Food", "Emoji": "🍴" }, "geometry": { "type": "Point", "coordinates": [ -73.9376955, 40.8505785 ] } },
{ "type": "Feature", "properties": { "URL": "https://www.google.com/maps/place/Aeon+Bookstore/data=!4m2!3m1!1s0x89c25bc555f3654f:0x9a47586fd7078b0a", "Title": "Aeon Bookstore", "Note": null, "Tags": null, "Comment": null, "Categories": "Bookstores", "Status": "visible", "Featured": "no", "Latitude": 40.7138445, "Longitude": -73.9909289, "Matched_Address": "Aeon Bookstore, 151, East Broadway, Two Bridges, Manhattan Community Board 3, Manhattan, New York County, New York, 10002, United States", "Neighborhood": "Chinatown-Two Bridges", "Borough": "Manhattan", "Primary_Category": "Bookstores", "Emoji": "📚" }, "geometry": { "type": "Point", "coordinates": [ -73.9909289, 40.7138445 ] } },
{ "type": "Feature", "properties": { "URL": "https://www.google.com/maps/place/Al-Aqsa+Bakery+%26+Restaurant/data=!4m2!3m1!1s0x89c245ecd966fdb1:0x4c8f40758e300825", "Title": "Al-Aqsa Bakery & Restaurant", "Note": null, "Tags": null, "Comment": null, "Categories": "Restaurants and Food", "Status": "visible", "Featured": "no", "Latitude": 40.6329572, "Longitude": -74.0210406, "Matched_Address": "Al-Aqsa Bakery & Restaurant, 6917, 5th Avenue, Bay Ridge, Brooklyn, Kings County, New York, 11209, United States", "Neighborhood": "Bay Ridge", "Borough": "Brooklyn", "Primary_Category": "Restaurants and Food", "Emoji": "🍴" }, "geometry": { "type": "Point", "coordinates": [ -74.0210406, 40.6329572 ] } },
{ "type": "Feature", "properties": { "URL": "https://www.google.com/maps/place/Alabaster+Bookshop/data=!4m2!3m1!1s0x89c259993c5434a5:0xe98f2d45d0f55bb4", "Title": "Alabaster Bookshop", "Note": null, "Tags": null, "Comment": null, "Categories": "Bookstores", "Status": "visible", "Featured": "no", "Latitude": 40.7330343, "Longitude": -73.9901652, "Matched_Address": "Alabaster Bookshop, 122, 4th Avenue, East Village, Manhattan Community Board 3, Manhattan, New York County, New York, 10003, United States", "Neighborhood": "Greenwich Village", "Borough": "Manhattan", "Primary_Category": "Bookstores", "Emoji": "📚" }, "geometry": { "type": "Point", "coordinates": [ -73.9901652, 40.7330343 ] } },
{ "type": "Feature", "properties": { "URL": "https://www.google.com/maps/place/Alligator+Lounge/data=!4m2!3m1!1s0x89c25959c68dbd8b:0x7cfed4c63031403a", "Title": "Alligator Lounge", "Note": null, "Tags": null, "Comment": null, "Categories": "Bars", "Status": "visible", "Featured": "no", "Latitude": 40.7139741, "Longitude": -73.9489283, "Matched_Address": "Alligator Lounge, 600, Metropolitan Avenue, Williamsburg, Brooklyn, Kings County, New York, 11211, United States", "Neighborhood": "East Williamsburg", "Borough": "Brooklyn", "Primary_Category": "Bars", "Emoji": "🍷" }, "geometry": { "type": "Point", "coordinates": [ -73.9489283, 40.7139741 ] } },
{ "type": "Feature", "properties": { "URL": "https://www.google.com/maps/place/Angel/data=!4m2!3m1!1s0x89c25f2c83960bd7:0xca847cf04231acb1", "Title": "Angel", "Note": "Better for non veg, good masala chai", "Tags": null, "Comment": null, "Categories": "Restaurants and Food", "Status": "visible", "Featured": "no", "Latitude": 40.7489969, "Longitude": -73.890324, "Matched_Address": "Angel, 75-18, 37th Avenue, Queens, Queens County, New York, 11372, United States", "Neighborhood": "Jackson Heights", "Borough": "Queens", "Primary_Category": "Restaurants and Food", "Emoji": "🍴" }, "geometry": { "type": "Point", "coordinates": [ -73.890324, 40.7489969 ] } },
{ "type": "Feature", "properties": { "URL": "https://www.google.com/maps/place/Anthology+Film+Archives/data=!4m2!3m1!1s0x89c25984926f8093:0x9c5062765791b42f", "Title": "Anthology Film Archives", "Note": null, "Tags": null, "Comment": null, "Categories": "Museum & things", "Status": "visible", "Featured": "no", "Latitude": 40.7247547, "Longitude": -73.9902601, "Matched_Address": "Anthology Film Archives, 32, 2nd Avenue, East Village, Manhattan Community Board 3, Manhattan, New York County, New York, 10003, United States", "Neighborhood": "East Village", "Borough": "Manhattan", "Primary_Category": "Museum & things", "Emoji": "🏛️" }, "geometry": { "type": "Point", "coordinates": [ -73.9902601, 40.7247547 ] } },
{ "type": "Feature", "properties": { "URL": "https://www.google.com/maps/place/Apollo+Bagels/data=!4m2!3m1!1s0x89c259006b5f41ef:0x87200d2c9acee1d0", "Title": "Apollo Bagels", "Note": null, "Tags": null, "Comment": null, "Categories": "Restaurants and Food", "Status": "visible", "Featured": "no", "Latitude": 40.7094018, "Longitude": -74.0080666, "Matched_Address": "Apollo Bagels, 41, John Street, Financial District, Lower Manhattan, Manhattan, New York County, New York, 10045, United States", "Neighborhood": "Financial District-Battery Park City", "Borough": "Manhattan", "Primary_Category": "Restaurants and Food", "Emoji": "🍴" }, "geometry": { "type": "Point", "coordinates": [ -74.0080666, 40.7094018 ] } },
{ "type": "Feature", "properties": { "URL": "https://www.google.com/maps/place/Art+Collective+Cafe/data=!4m2!3m1!1s0x89c25bccebe53eff:0x3adceecf538036a", "Title": "Art Collective Cafe", "Note": null, "Tags": null, "Comment": null, "Categories": "Cafes and Desserts", "Status": "visible", "Featured": "no", "Latitude": 40.6741895, "Longitude": -73.9754853, "Matched_Address": "Art Collective Cafe, 97, 7th Avenue, Park Slope, Brooklyn, Kings County, New York, 11215, United States", "Neighborhood": "Park Slope", "Borough": "Brooklyn", "Primary_Category": "Cafes and Desserts", "Emoji": "☕" }, "geometry": { "type": "Point", "coordinates": [ -73.9754853, 40.6741895 ] } },
{ "type": "Feature", "properties": { "URL": "https://www.google.com/maps/place/Arthur's+Tavern/data=!4m2!3m1!1s0x89c259938041998d:0xac3a5137c421e255", "Title": "Arthur's Tavern", "Note": null, "Tags": null, "Comment": null, "Categories": "Jazz", "Status": "visible", "Featured": "no", "Latitude": 40.7331992, "Longitude": -74.0034508, "Matched_Address": "Arthur's Tavern, Grove Street, West Village, Manhattan, New York County, New York, 10014, United States", "Neighborhood": "West Village", "Borough": "Manhattan", "Primary_Category": "Jazz", "Emoji": "🎷" }, "geometry": { "type": "Point", "coordinates": [ -74.0034508, 40.7331992 ] } },
{ "type": "Feature", "properties": { "URL": "https://www.google.com/maps/place/Artichoke+Basille's+Pizza/data=!4m2!3m1!1s0x89c25992282941d7:0xb241cee96a163252", "Title": "Artichoke Basille's Pizza", "Note": "Hype, do NOT go to times sq location", "Tags": null, "Comment": null, "Categories": "Restaurants and Food", "Status": "visible", "Featured": "no", "Latitude": 40.7320931, "Longitude": -73.9839076, "Matched_Address": "Artichoke Basille's Pizza, 321, East 14th Street, East Village, Manhattan Community Board 6, Manhattan, New York County, New York, 10003, United States", "Neighborhood": "Gramercy", "Borough": "Manhattan", "Primary_Category": "Restaurants and Food", "Emoji": "🍴" }, "geometry": { "type": "Point", "coordinates": [ -73.9839076, 40.7320931 ] } },
{ "type": "Feature", "properties": { "URL": "https://www.google.com/maps/place/Artichoke+Basille's+Pizza/data=!4m2!3m1!1s0x89c259c756e6a4c3:0x82b099bf2830a43c", "Title": "Artichoke Basille's Pizza", "Note": "Hype, do NOT go to times sq location", "Tags": null, "Comment": null, "Categories": "Restaurants and Food", "Status": "visible", "Featured": "no", "Latitude": 40.7320931, "Longitude": -73.9839076, "Matched_Address": "Artichoke Basille's Pizza, 321, East 14th Street, East Village, Manhattan Community Board 6, Manhattan, New York County, New York, 10003, United States", "Neighborhood": "Gramercy", "Borough": "Manhattan", "Primary_Category": "Restaurants and Food", "Emoji": "🍴" }, "geometry": { "type": "Point", "coordinates": [ -73.9839076, 40.7320931 ] } },
{ "type": "Feature", "properties": { "URL": "https://www.google.com/maps/place/Artists+%26+Fleas+Chelsea/data=!4m2!3m1!1s0x89c259c0b047a6a3:0x5531ee657fb62404", "Title": "Artists & Fleas Chelsea", "Note": "Kinda mid", "Tags": null, "Comment": null, "Categories": "Things", "Status": "visible", "Featured": "no", "Latitude": 40.7430657, "Longitude": -74.0068932, "Matched_Address": "Artists & Fleas, 88, 10th Avenue, Chelsea District, Manhattan Community Board 4, Manhattan, New York County, New York, 10011, United States", "Neighborhood": "Chelsea-Hudson Yards", "Borough": "Manhattan", "Primary_Category": "Things", "Emoji": "✨" }, "geometry": { "type": "Point", "coordinates": [ -74.0068932, 40.7430657 ] } },
{ "type": "Feature", "properties": { "URL": "https://www.google.com/maps/place/Aux+Merveilleux+de+Fred/data=!4m2!3m1!1s0x89c259792ca8e14d:0xccfe018c1495b502", "Title": "Aux Merveilleux de Fred", "Note": null, "Tags": null, "Comment": null, "Categories": "Cafes and Desserts", "Status": "visible", "Featured": "no", "Latitude": 40.7382488, "Longitude": -74.0044412, "Matched_Address": "Aux Merveilleux de Fred, 37, Jane Street, Meatpacking District, Manhattan, New York County, New York, 10014, United States", "Neighborhood": "West Village", "Borough": "Manhattan", "Primary_Category": "Cafes and Desserts", "Emoji": "☕" }, "geometry": { "type": "Point", "coordinates": [ -74.0044412, 40.7382488 ] } },
{ "type": "Feature", "properties": { "URL": "https://www.google.com/maps/place/Ayat+Bushwick/data=!4m2!3m1!1s0x89c25d00338370b7:0x8f333f612df8bf0e", "Title": "Ayat Bushwick", "Note": null, "Tags": null, "Comment": null, "Categories": "Restaurants and Food", "Status": "visible", "Featured": "no", "Latitude": 40.7026307, "Longitude": -73.9253849, "Matched_Address": "Ayat, 242, Knickerbocker Avenue, Bushwick, Brooklyn, Kings County, New York, 11207, United States", "Neighborhood": "Bushwick (West)", "Borough": "Brooklyn", "Primary_Category": "Restaurants and Food", "Emoji": "🍴" }, "geometry": { "type": "Point", "coordinates": [ -73.9253849, 40.7026307 ] } },
{ "type": "Feature", "properties": { "URL": "https://www.google.com/maps/place/Ayat/data=!4m2!3m1!1s0x89c2598f9db38ae9:0x9425690c006706d0", "Title": "Ayat", "Note": "Palestinian, yum", "Tags": null, "Comment": null, "Categories": "Restaurants and Food", "Status": "visible", "Featured": "no", "Latitude": 40.7242306, "Longitude": -73.9789217, "Matched_Address": "Ayat, 107, Avenue C, Alphabet City, Manhattan Community Board 3, Manhattan, New York County, New York, 10009, United States", "Neighborhood": "East Village", "Borough": "Manhattan", "Primary_Category": "Restaurants and Food", "Emoji": "🍴" }, "geometry": { "type": "Point", "coordinates": [ -73.9789217, 40.7242306 ] } },
{ "type": "Feature", "properties": { "URL": "https://www.google.com/maps/place/Ayza+Wine+%26+Chocolate+Bar/data=!4m2!3m1!1s0x89c259a892cb0e37:0x3bf110f98c31d3c0", "Title": "Ayza Wine & Chocolate Bar", "Note": "General Bars", "Tags": null, "Comment": null, "Categories": "Bars", "Status": "visible", "Featured": "no", "Latitude": 40.7297052, "Longitude": -74.0048523, "Matched_Address": "Ayza Wine & Chocolate Bar, 1, 7th Avenue South, West Village, Manhattan, New York County, New York, 10014, United States", "Neighborhood": "West Village", "Borough": "Manhattan", "Primary_Category": "Bars", "Emoji": "🍷" }, "geometry": { "type": "Point", "coordinates": [ -74.0048523, 40.7297052 ] } },
{ "type": "Feature", "properties": { "URL": "https://www.google.com/maps/place/B%C3%A1nh/data=!4m2!3m1!1s0x89c2f79ec93dfdb3:0x7f9cb46cb7b7e20f", "Title": "Bánh", "Note": null, "Tags": null, "Comment": null, "Categories": "Restaurants and Food", "Status": "visible", "Featured": "no", "Latitude": 40.7322913, "Longitude": -73.987672, "Matched_Address": "Bánh Anh Em, 99, 3rd Avenue, East Village, Manhattan Community Board 3, Manhattan, New York County, New York, 10003, United States", "Neighborhood": "East Village", "Borough": "Manhattan", "Primary_Category": "Restaurants and Food", "Emoji": "🍴" }, "geometry": { "type": "Point", "coordinates": [ -73.987672, 40.7322913 ] } },
{ "type": "Feature", "properties": { "URL": "https://www.google.com/maps/place/BARZAKH%E2%80%A2+CAF%C3%89/data=!4m2!3m1!1s0x89c25c7953e3146f:0x7db0e440f27ac96b", "Title": "BARZAKH• CAFÉ", "Note": null, "Tags": null, "Comment": null, "Categories": "Restaurants and Food", "Status": "visible", "Featured": "no", "Latitude": 40.6737824, "Longitude": -73.9304981, "Matched_Address": "Barzakh Cafe, 147, Utica Avenue, Brooklyn, Kings County, New York, 11234, United States", "Neighborhood": "Crown Heights (North)", "Borough": "Brooklyn", "Primary_Category": "Restaurants and Food", "Emoji": "🍴" }, "geometry": { "type": "Point", "coordinates": [ -73.9304981, 40.6737824 ] } },
{ "type": "Feature", "properties": { "URL": "https://www.google.com/maps/place/Baazi+Nyc/data=!4m2!3m1!1s0x89c2f792d07527f5:0x119abf521fd57bd6", "Title": "Baazi Nyc", "Note": null, "Tags": null, "Comment": null, "Categories": "Restaurants and Food", "Status": "visible", "Featured": "no", "Latitude": 40.7955918, "Longitude": -73.9707481, "Matched_Address": "Baazi, 2588, Broadway, Manhattan Valley, Manhattan Community Board 7, Manhattan, New York County, New York, 10025, United States", "Neighborhood": "Upper West Side (Central)", "Borough": "Manhattan", "Primary_Category": "Restaurants and Food", "Emoji": "🍴" }, "geometry": { "type": "Point", "coordinates": [ -73.9707481, 40.7955918 ] } },
{ "type": "Feature", "properties": { "URL": "https://www.google.com/maps/place/Back+Pocket+Bar/data=!4m2!3m1!1s0x89c259c1bcdd071d:0xe6d61973f8f4e8c1", "Title": "Back Pocket Bar", "Note": null, "Tags": null, "Comment": null, "Categories": "Bars", "Status": "visible", "Featured": "no", "Latitude": 40.763866, "Longitude": -73.9920297, "Matched_Address": "Back Pocket Bar, 462, West 49th Street, Hell's Kitchen, Manhattan Community Board 4, Manhattan, New York County, New York, 10019, United States", "Neighborhood": "Hell's Kitchen", "Borough": "Manhattan", "Primary_Category": "Bars", "Emoji": "🍷" }, "geometry": { "type": "Point", "coordinates": [ -73.9920297, 40.763866 ] } },
{ "type": "Feature", "properties": { "URL": "https://www.google.com/maps/place/Baked+by+Luigi/data=!4m2!3m1!1s0x89c2592760b74851:0x7a1076f9578188f3", "Title": "Baked by Luigi", "Note": null, "Tags": null, "Comment": null, "Categories": "Restaurants and Food", "Status": "visible", "Featured": "no", "Latitude": 40.7384803, "Longitude": -73.9819085, "Matched_Address": "Baked by Luigi, East 23rd Street, Gramercy, Manhattan Community Board 6, Manhattan, New York County, New York, 10010, United States", "Neighborhood": "Gramercy", "Borough": "Manhattan", "Primary_Category": "Restaurants and Food", "Emoji": "🍴" }, "geometry": { "type": "Point", "coordinates": [ -73.9819085, 40.7384803 ] } },
{ "type": "Feature", "properties": { "URL": "https://www.google.com/maps/place/Bangkok+Supper+Club/data=!4m2!3m1!1s0x89c259350ea1dbbd:0xa4414d5a0ffb0e7a", "Title": "Bangkok Supper Club", "Note": null, "Tags": null, "Comment": null, "Categories": "Restaurants and Food", "Status": "visible", "Featured": "no", "Latitude": 40.7390218, "Longitude": -74.0056634, "Matched_Address": "Bangkok Supper Club, 641, Hudson Street, Meatpacking District, Manhattan, New York County, New York, 10014, United States", "Neighborhood": "West Village", "Borough": "Manhattan", "Primary_Category": "Restaurants and Food", "Emoji": "🍴" }, "geometry": { "type": "Point", "coordinates": [ -74.0056634, 40.7390218 ] } },
{ "type": "Feature", "properties": { "URL": "https://www.google.com/maps/place/Barb%C3%A8s/data=!4m2!3m1!1s0x89c25afd6f686929:0xf61faf2c176c2b74", "Title": "Barbès", "Note": null, "Tags": null, "Comment": null, "Categories": "Jazz", "Status": "visible", "Featured": "no", "Latitude": 40.6677889, "Longitude": -73.9838478, "Matched_Address": "Barbès, 376, 9th Street, Park Slope, Brooklyn, Kings County, New York, 11215, United States", "Neighborhood": "Park Slope", "Borough": "Brooklyn", "Primary_Category": "Jazz", "Emoji": "🎷" }, "geometry": { "type": "Point", "coordinates": [ -73.9838478, 40.6677889 ] } },
{ "type": "Feature", "properties": { "URL": "https://www.google.com/maps/place/Beacon's+Closet/data=!4m2!3m1!1s0x89c2595d31347b73:0x4a3893c7d2de8fd0", "Title": "Beacon's Closet", "Note": null, "Tags": null, "Comment": null, "Categories": "Things", "Status": "visible", "Featured": "no", "Latitude": 40.7355729, "Longitude": -73.9950008, "Matched_Address": "Beacon's Closet, 10, West 13th Street, Union Square, Manhattan, New York County, New York, 10001, United States", "Neighborhood": "Greenwich Village", "Borough": "Manhattan", "Primary_Category": "Things", "Emoji": "✨" }, "geometry": { "type": "Point", "coordinates": [ -73.9950008, 40.7355729 ] } },
{ "type": "Feature", "properties": { "URL": "https://www.google.com/maps/place/Beat+The+Bomb+Brooklyn/data=!4m2!3m1!1s0x89c25a3326bc0279:0xb5b5b137d131ee1d", "Title": "Beat The Bomb Brooklyn", "Note": "Fun escape room style games w group", "Tags": null, "Comment": null, "Categories": "Things", "Status": "visible", "Featured": "no", "Latitude": 40.7030845, "Longitude": -73.9839154, "Matched_Address": "Beat The Bomb, 255, Water Street, Dumbo, Brooklyn, Kings County, New York, 11201, United States", "Neighborhood": "Downtown Brooklyn-DUMBO-Boerum Hill", "Borough": "Brooklyn", "Primary_Category": "Things", "Emoji": "✨" }, "geometry": { "type": "Point", "coordinates": [ -73.9839154, 40.7030845 ] } },
{ "type": "Feature", "properties": { "URL": "https://www.google.com/maps/place/Beautiful+Hair+Salon/data=!4m2!3m1!1s0x89c2597f566f3fc5:0xe643597c97f4cf9e", "Title": "Beautiful Hair Salon", "Note": null, "Tags": null, "Comment": null, "Categories": "Usable Shops and Markets", "Status": "visible", "Featured": "no", "Latitude": 40.5403513, "Longitude": -74.1479106, "Matched_Address": "Always Beautiful Hair Salon, 4081, Hylan Boulevard, Staten Island, Richmond County, New York, 10308, United States", "Neighborhood": "Great Kills-Eltingville", "Borough": "Staten Island", "Primary_Category": "Usable Shops and Markets", "Emoji": "🛍️" }, "geometry": { "type": "Point", "coordinates": [ -74.1479106, 40.5403513 ] } },
{ "type": "Feature", "properties": { "URL": "https://www.google.com/maps/place/Beauty+Bar/data=!4m2!3m1!1s0x89c2599e57894f6d:0x30d2afabd79d0846", "Title": "Beauty Bar", "Note": null, "Tags": null, "Comment": null, "Categories": "Bars", "Status": "visible", "Featured": "no", "Latitude": 40.732876, "Longitude": -73.9857799, "Matched_Address": "Beauty Bar, 231, East 14th Street, Gramercy, Manhattan Community Board 6, Manhattan, New York County, New York, 10003, United States", "Neighborhood": "Gramercy", "Borough": "Manhattan", "Primary_Category": "Bars", "Emoji": "🍷" }, "geometry": { "type": "Point", "coordinates": [ -73.9857799, 40.732876 ] } },
{ "type": "Feature", "properties": { "URL": "https://www.google.com/maps/place/Bedouin+Tent/data=!4m2!3m1!1s0x89c25a4d41f1f02d:0x81a9d2770ff38ec2", "Title": "Bedouin Tent", "Note": null, "Tags": null, "Comment": null, "Categories": "Restaurants and Food", "Status": "visible", "Featured": "no", "Latitude": 40.6869656, "Longitude": -73.9844645, "Matched_Address": "Bedouin Tent, 405, Atlantic Avenue, Boerum Hill, Brooklyn, Kings County, New York, 11217, United States", "Neighborhood": "Downtown Brooklyn-DUMBO-Boerum Hill", "Borough": "Brooklyn", "Primary_Category": "Restaurants and Food", "Emoji": "🍴" }, "geometry": { "type": "Point", "coordinates": [ -73.9844645, 40.6869656 ] } },
{ "type": "Feature", "properties": { "URL": "https://www.google.com/maps/place/Bengal+Tiger/data=!4m2!3m1!1s0x89c258f9f5f6365f:0x12448b5388945afe", "Title": "Bengal Tiger", "Note": "Never tried", "Tags": null, "Comment": null, "Categories": "Restaurants and Food", "Status": "visible", "Featured": "no", "Latitude": 40.7655983, "Longitude": -73.9825967, "Matched_Address": "Bengal Tiger, 234, West 56th Street, Columbus Circle, Manhattan Community Board 5, Manhattan, New York County, New York, 10019, United States", "Neighborhood": "Midtown-Times Square", "Borough": "Manhattan", "Primary_Category": "Restaurants and Food", "Emoji": "🍴" }, "geometry": { "type": "Point", "coordinates": [ -73.9825967, 40.7655983 ] } },
{ "type": "Feature", "properties": { "URL": "https://www.google.com/maps/place/Berlin/data=!4m2!3m1!1s0x89c25983ace9a389:0xf40518f51a642dd8", "Title": "Berlin", "Note": null, "Tags": null, "Comment": null, "Categories": "Bars", "Status": "visible", "Featured": "no", "Latitude": 40.7230062, "Longitude": -73.9860348, "Matched_Address": "Berlin Under A, 25, Avenue A, Alphabet City, Manhattan Community Board 3, Manhattan, New York County, New York, 10009, United States", "Neighborhood": "East Village", "Borough": "Manhattan", "Primary_Category": "Bars", "Emoji": "🍷" }, "geometry": { "type": "Point", "coordinates": [ -73.9860348, 40.7230062 ] } },
{ "type": "Feature", "properties": { "URL": "https://www.google.com/maps/place/Beyond+Sushi/data=!4m2!3m1!1s0x89c258f9f4272f17:0x41d9a0e06e09e155", "Title": "Beyond Sushi", "Note": null, "Tags": null, "Comment": null, "Categories": "Restaurants and Food", "Status": "visible", "Featured": "no", "Latitude": 40.7633124, "Longitude": -73.9772025, "Matched_Address": "Beyond Sushi, 62, West 56th Street, Midtown East, Manhattan Community Board 5, Manhattan, New York County, New York, 10019, United States", "Neighborhood": "Midtown-Times Square", "Borough": "Manhattan", "Primary_Category": "Restaurants and Food", "Emoji": "🍴" }, "geometry": { "type": "Point", "coordinates": [ -73.9772025, 40.7633124 ] } },
{ "type": "Feature", "properties": { "URL": "https://www.google.com/maps/place/Big+Night/data=!4m2!3m1!1s0x89c259520214d4b1:0x3db4bf5b0afbd1e4", "Title": "Big Night", "Note": null, "Tags": null, "Comment": null, "Categories": "Things", "Status": "visible", "Featured": "no", "Latitude": 40.7303611, "Longitude": -73.9575209, "Matched_Address": "Big Night, 154, Franklin Street, Greenpoint, Brooklyn, Kings County, New York, 11222, United States", "Neighborhood": "Greenpoint", "Borough": "Brooklyn", "Primary_Category": "Things", "Emoji": "✨" }, "geometry": { "type": "Point", "coordinates": [ -73.9575209, 40.7303611 ] } },
{ "type": "Feature", "properties": { "URL": "https://www.google.com/maps/place/Bill's+Place/data=!4m2!3m1!1s0x89c2f673df00d011:0x3c258a3d055a5a76", "Title": "Bill's Place", "Note": null, "Tags": null, "Comment": null, "Categories": "Jazz", "Status": "visible", "Featured": "no", "Latitude": 40.8134547, "Longitude": -73.9436358, "Matched_Address": "Bill's Place, 148, West 132nd Street, Harlem, Manhattan Community Board 10, Manhattan, New York County, New York, 10027, United States", "Neighborhood": "Harlem (North)", "Borough": "Manhattan", "Primary_Category": "Jazz", "Emoji": "🎷" }, "geometry": { "type": "Point", "coordinates": [ -73.9436358, 40.8134547 ] } },
{ "type": "Feature", "properties": { "URL": "https://www.google.com/maps/place/Birch+Coffee/data=!4m2!3m1!1s0x89c25858fa153d87:0xde230873a4d847fb", "Title": "Birch Coffee", "Note": null, "Tags": null, "Comment": null, "Categories": "Cafes and Desserts", "Status": "visible", "Featured": "no", "Latitude": 40.7436151, "Longitude": -73.9863949, "Matched_Address": "Birch Coffee, 21, East 27th Street, Rose Hill, Manhattan Community Board 5, Manhattan, New York County, New York, 10016, United States", "Neighborhood": "Midtown South-Flatiron-Union Square", "Borough": "Manhattan", "Primary_Category": "Cafes and Desserts", "Emoji": "☕" }, "geometry": { "type": "Point", "coordinates": [ -73.9863949, 40.7436151 ] } },
{ "type": "Feature", "properties": { "URL": "https://www.google.com/maps/place/Birdland+Jazz+Club/data=!4m2!3m1!1s0x89c258538544cf75:0xb752bff9619276fa", "Title": "Birdland Jazz Club", "Note": null, "Tags": null, "Comment": null, "Categories": "Jazz", "Status": "visible", "Featured": "no", "Latitude": 40.7590063, "Longitude": -73.9896838, "Matched_Address": "Birdland Jazz Club, 315, West 44th Street, Manhattan Community Board 4, Manhattan, New York County, New York, 10036, United States", "Neighborhood": "Hell's Kitchen", "Borough": "Manhattan", "Primary_Category": "Jazz", "Emoji": "🎷" }, "geometry": { "type": "Point", "coordinates": [ -73.9896838, 40.7590063 ] } },
{ "type": "Feature", "properties": { "URL": "https://www.google.com/maps/place/Black+Press+Coffee/data=!4m2!3m1!1s0x89c2592f9909fc55:0x9185189d380a814e", "Title": "Black Press Coffee", "Note": null, "Tags": null, "Comment": null, "Categories": "Cafes and Desserts", "Status": "visible", "Featured": "no", "Latitude": 40.7780161, "Longitude": -73.978577, "Matched_Address": "Black Press Coffee, 274, Columbus Avenue, Upper West Side, Manhattan Community Board 7, Manhattan, New York County, New York, 10023, United States", "Neighborhood": "Upper West Side-Lincoln Square", "Borough": "Manhattan", "Primary_Category": "Cafes and Desserts", "Emoji": "☕" }, "geometry": { "type": "Point", "coordinates": [ -73.978577, 40.7780161 ] } },
{ "type": "Feature", "properties": { "URL": "https://www.google.com/maps/place/Blondies+Sports/data=!4m2!3m1!1s0x89c2588891110e83:0x337d6a4ad691184", "Title": "Blondies Sports", "Note": "5/20 7pm", "Tags": null, "Comment": null, "Categories": "Bars", "Status": "visible", "Featured": "no", "Latitude": 40.7832747, "Longitude": -73.9791292, "Matched_Address": "Blondies Sports Bar, 212, West 79th Street, Upper West Side, Manhattan Community Board 7, Manhattan, New York County, New York, 10024, United States", "Neighborhood": "Upper West Side (Central)", "Borough": "Manhattan", "Primary_Category": "Bars", "Emoji": "🍷" }, "geometry": { "type": "Point", "coordinates": [ -73.9791292, 40.7832747 ] } },
{ "type": "Feature", "properties": { "URL": "https://www.google.com/maps/place/Blue+Note/data=!4m2!3m1!1s0x89c25993d7d5f46d:0x921181beeb4ce349", "Title": "Blue Note", "Note": null, "Tags": null, "Comment": null, "Categories": "Jazz", "Status": "visible", "Featured": "no", "Latitude": 40.7308315, "Longitude": -74.0007251, "Matched_Address": "Blue Note Jazz Club, 131, West 3rd Street, University Village, Manhattan, New York County, New York, 10012, United States", "Neighborhood": "Greenwich Village", "Borough": "Manhattan", "Primary_Category": "Jazz", "Emoji": "🎷" }, "geometry": { "type": "Point", "coordinates": [ -74.0007251, 40.7308315 ] } },
{ "type": "Feature", "properties": { "URL": "https://www.google.com/maps/place/Bonnie+Slotnick+Cookbooks/data=!4m2!3m1!1s0x89c259943e598c19:0xb7cb054c5cd50acd", "Title": "Bonnie Slotnick Cookbooks", "Note": null, "Tags": null, "Comment": null, "Categories": "Bookstores", "Status": "visible", "Featured": "no", "Latitude": 40.7252021, "Longitude": -73.9907309, "Matched_Address": "Bonnie Slotnick Cookbooks, 28, East 2nd Street, East Village, Manhattan Community Board 3, Manhattan, New York County, New York, 10003, United States", "Neighborhood": "East Village", "Borough": "Manhattan", "Primary_Category": "Bookstores", "Emoji": "📚" }, "geometry": { "type": "Point", "coordinates": [ -73.9907309, 40.7252021 ] } },
{ "type": "Feature", "properties": { "URL": "https://www.google.com/maps/place/Boobie+Trap/data=!4m2!3m1!1s0x89c25c1923672b55:0xff79e1c681b56906", "Title": "Boobie Trap", "Note": null, "Tags": null, "Comment": null, "Categories": "Bars", "Status": "visible", "Featured": "no", "Latitude": 40.7001545, "Longitude": -73.9160836, "Matched_Address": "Boobie Trap, 308, Bleecker Street, Ridgewood, Bushwick, Brooklyn, Kings County, New York, 11237, United States", "Neighborhood": "Bushwick (West)", "Borough": "Brooklyn", "Primary_Category": "Bars", "Emoji": "🍷" }, "geometry": { "type": "Point", "coordinates": [ -73.9160836, 40.7001545 ] } },
{ "type": "Feature", "properties": { "URL": "https://www.google.com/maps/place/Book+Club+Bar/data=!4m2!3m1!1s0x89c25920e6e311c3:0xdb1ca1937b3d96fe", "Title": "Book Club Bar", "Note": null, "Tags": null, "Comment": null, "Categories": "Bars | Bookstores", "Status": "visible", "Featured": "no", "Latitude": 40.7229329, "Longitude": -73.9832846, "Matched_Address": "Book Club, 197, East 3rd Street, Village View Houses, Manhattan Community Board 3, Manhattan, New York County, New York, 10009, United States", "Neighborhood": "East Village", "Borough": "Manhattan", "Primary_Category": "Bars", "Emoji": "🍷" }, "geometry": { "type": "Point", "coordinates": [ -73.9832846, 40.7229329 ] } },
{ "type": "Feature", "properties": { "URL": "https://www.google.com/maps/place/Boris+%26+Horton/data=!4m2!3m1!1s0x89c259766cc1af1b:0xd952c27a534aa94b", "Title": "Boris & Horton", "Note": null, "Tags": null, "Comment": null, "Categories": "Cafes and Desserts", "Status": "visible", "Featured": "no", "Latitude": 40.7292335, "Longitude": -73.9814002, "Matched_Address": "Boris and Horton, 195, Avenue A, Alphabet City, Manhattan Community Board 3, Manhattan, New York County, New York, 10009, United States", "Neighborhood": "East Village", "Borough": "Manhattan", "Primary_Category": "Cafes and Desserts", "Emoji": "☕" }, "geometry": { "type": "Point", "coordinates": [ -73.9814002, 40.7292335 ] } },
{ "type": "Feature", "properties": { "URL": "https://www.google.com/maps/place/Bread+%26+Butter/data=!4m2!3m1!1s0x89c259f7e854df65:0x50f650197143d023", "Title": "Bread & Butter", "Note": "Ube bun", "Tags": null, "Comment": null, "Categories": "Cafes and Desserts", "Status": "visible", "Featured": "no", "Latitude": 40.7437173, "Longitude": -73.9727918, "Matched_Address": "Bread & Butter, East 34th Street, Kips Bay, Manhattan Community Board 6, Manhattan, New York County, New York, 10158, United States", "Neighborhood": "Murray Hill-Kips Bay", "Borough": "Manhattan", "Primary_Category": "Cafes and Desserts", "Emoji": "☕" }, "geometry": { "type": "Point", "coordinates": [ -73.9727918, 40.7437173 ] } },
{ "type": "Feature", "properties": { "URL": "https://www.google.com/maps/place/Bread+Story/data=!4m2!3m1!1s0x89c259889d99ceff:0x47487a974a86fa97", "Title": "Bread Story", "Note": "Almond croissant", "Tags": null, "Comment": null, "Categories": "Cafes and Desserts", "Status": "visible", "Featured": "no", "Latitude": 40.7321287, "Longitude": -73.9816311, "Matched_Address": "Bread Story, 264, 1st Avenue, Stuy Town, Manhattan Community Board 6, Manhattan, New York County, New York, 10009, United States", "Neighborhood": "Stuyvesant Town-Peter Cooper Village", "Borough": "Manhattan", "Primary_Category": "Cafes and Desserts", "Emoji": "☕" }, "geometry": { "type": "Point", "coordinates": [ -73.9816311, 40.7321287 ] } },
{ "type": "Feature", "properties": { "URL": "https://www.google.com/maps/place/Bridge+and+Tunnel+Brewery/data=!4m2!3m1!1s0x89c25c3ace343143:0xa8eb57ebe6ebd907", "Title": "Bridge and Tunnel Brewery", "Note": null, "Tags": null, "Comment": null, "Categories": "Bars", "Status": "visible", "Featured": "no", "Latitude": 40.6937359, "Longitude": -73.9027629, "Matched_Address": "Bridge and Tunnel Brewery, 1535, Decatur Street, Ridgewood, Bushwick, Queens, Queens County, New York, 11385, United States", "Neighborhood": "Ridgewood", "Borough": "Queens", "Primary_Category": "Bars", "Emoji": "🍷" }, "geometry": { "type": "Point", "coordinates": [ -73.9027629, 40.6937359 ] } },
{ "type": "Feature", "properties": { "URL": "https://www.google.com/maps/place/Broadway+Nails/data=!4m2!3m1!1s0x89c2f6643ebf83c3:0xb5265fc03a091ab0", "Title": "Broadway Nails", "Note": null, "Tags": null, "Comment": null, "Categories": "Usable Shops and Markets", "Status": "visible", "Featured": "no", "Latitude": 40.8033232, "Longitude": -73.9676597, "Matched_Address": "Broadway Nails & Spa, 2811, Broadway, Manhattan Valley, Manhattan Community Board 7, Manhattan, New York County, New York, 10025, United States", "Neighborhood": "Upper West Side-Manhattan Valley", "Borough": "Manhattan", "Primary_Category": "Usable Shops and Markets", "Emoji": "🛍️" }, "geometry": { "type": "Point", "coordinates": [ -73.9676597, 40.8033232 ] } },
{ "type": "Feature", "properties": { "URL": "https://www.google.com/maps/place/Brooklyn+Brewery/data=!4m2!3m1!1s0x89c2595d322ea051:0xd746e729ff924fb7", "Title": "Brooklyn Brewery", "Note": null, "Tags": null, "Comment": null, "Categories": "Bars", "Status": "visible", "Featured": "no", "Latitude": 40.7216221, "Longitude": -73.9576075, "Matched_Address": "Brooklyn Brewery, 79, North 11th Street, Williamsburg, Brooklyn, Kings County, New York, 11249, United States", "Neighborhood": "Williamsburg", "Borough": "Brooklyn", "Primary_Category": "Bars", "Emoji": "🍷" }, "geometry": { "type": "Point", "coordinates": [ -73.9576075, 40.7216221 ] } },
{ "type": "Feature", "properties": { "URL": "https://www.google.com/maps/place/Brooklyn+French+Bakers/data=!4m2!3m1!1s0x89c25b6f702690af:0xec36b4f2951b64e1", "Title": "Brooklyn French Bakers", "Note": "Croissant apparently", "Tags": null, "Comment": null, "Categories": "Cafes and Desserts", "Status": "visible", "Featured": "no", "Latitude": 40.6708726, "Longitude": -73.9777817, "Matched_Address": "Brooklyn French Bakers, 510, 2nd Street, Park Slope, Brooklyn, Kings County, New York, 11215, United States", "Neighborhood": "Park Slope", "Borough": "Brooklyn", "Primary_Category": "Cafes and Desserts", "Emoji": "☕" }, "geometry": { "type": "Point", "coordinates": [ -73.9777817, 40.6708726 ] } },
{ "type": "Feature", "properties": { "URL": "https://www.google.com/maps/place/Brooklyn+Museum/data=!4m2!3m1!1s0x89c25b0a449c39c9:0xc62355aa46c985fa", "Title": "Brooklyn Museum", "Note": null, "Tags": null, "Comment": null, "Categories": "Museum & things", "Status": "visible", "Featured": "no", "Latitude": 40.6709546, "Longitude": -73.9632948, "Matched_Address": "Brooklyn Museum, 200, Eastern Parkway, Brooklyn, Kings County, New York, 11238, United States", "Neighborhood": "Prospect Park", "Borough": "Brooklyn", "Primary_Category": "Museum & things", "Emoji": "🏛️" }, "geometry": { "type": "Point", "coordinates": [ -73.9632948, 40.6709546 ] } },
{ "type": "Feature", "properties": { "URL": "https://www.google.com/maps/place/Bungalow/data=!4m2!3m1!1s0x89c2590044e143c5:0x5d377f3ad3b83659", "Title": "Bungalow", "Note": null, "Tags": null, "Comment": null, "Categories": "Restaurants and Food", "Status": "visible", "Featured": "no", "Latitude": 40.7236539, "Longitude": -73.9879543, "Matched_Address": "Bungalow, 24, 1st Avenue, Manhattan Community Board 3, Manhattan, New York County, New York, 10009, United States", "Neighborhood": "East Village", "Borough": "Manhattan", "Primary_Category": "Restaurants and Food", "Emoji": "🍴" }, "geometry": { "type": "Point", "coordinates": [ -73.9879543, 40.7236539 ] } },
{ "type": "Feature", "properties": { "URL": "https://www.google.com/maps/place/Bunna+Cafe/data=!4m2!3m1!1s0x89c25c03b181aa0f:0x9889c673852d08f2", "Title": "Bunna Cafe", "Note": null, "Tags": null, "Comment": null, "Categories": "Restaurants and Food", "Status": "visible", "Featured": "no", "Latitude": 40.7048893, "Longitude": -73.9278626, "Matched_Address": "Bunna Cafe, 1084, Flushing Avenue, Bushwick, Brooklyn, Kings County, New York, 11206, United States", "Neighborhood": "Bushwick (West)", "Borough": "Brooklyn", "Primary_Category": "Restaurants and Food", "Emoji": "🍴" }, "geometry": { "type": "Point", "coordinates": [ -73.9278626, 40.7048893 ] } },
{ "type": "Feature", "properties": { "URL": "https://www.google.com/maps/place/Buntopia/data=!4m2!3m1!1s0x89c25c09b24b7613:0x968d89b0f3c72564", "Title": "Buntopia", "Note": null, "Tags": null, "Comment": null, "Categories": "Restaurants and Food", "Status": "visible", "Featured": "no", "Latitude": 40.6960574, "Longitude": -73.9339061, "Matched_Address": "Buntopia, 994, Broadway, Brooklyn, Kings County, New York, 11222, United States", "Neighborhood": "Bedford-Stuyvesant (East)", "Borough": "Brooklyn", "Primary_Category": "Restaurants and Food", "Emoji": "🍴" }, "geometry": { "type": "Point", "coordinates": [ -73.9339061, 40.6960574 ] } },
{ "type": "Feature", "properties": { "URL": "https://www.google.com/maps/place/Burp+Castle/data=!4m2!3m1!1s0x89c2599c839b3f05:0xeccfd1fb265b9228", "Title": "Burp Castle", "Note": "Only allowed to whisper", "Tags": null, "Comment": null, "Categories": "Bars", "Status": "visible", "Featured": "no", "Latitude": 40.7283251, "Longitude": -73.9886573, "Matched_Address": "Burp Castle, 41, East 7th Street, East Village, Manhattan Community Board 3, Manhattan, New York County, New York, 10003, United States", "Neighborhood": "East Village", "Borough": "Manhattan", "Primary_Category": "Bars", "Emoji": "🍷" }, "geometry": { "type": "Point", "coordinates": [ -73.9886573, 40.7283251 ] } },
{ "type": "Feature", "properties": { "URL": "https://www.google.com/maps/place/Burrow/data=!4m2!3m1!1s0x89c25a33bc5a35db:0x836fefcf95c270fd", "Title": "Burrow", "Note": "Japanese woman’s imaginations", "Tags": null, "Comment": null, "Categories": "Cafes and Desserts", "Status": "visible", "Featured": "no", "Latitude": 40.7027551, "Longitude": -73.9868908, "Matched_Address": "Burrow, 68, Jay Street, Dumbo, Brooklyn, Kings County, New York, 11201, United States", "Neighborhood": "Downtown Brooklyn-DUMBO-Boerum Hill", "Borough": "Brooklyn", "Primary_Category": "Cafes and Desserts", "Emoji": "☕" }, "geometry": { "type": "Point", "coordinates": [ -73.9868908, 40.7027551 ] } },
{ "type": "Feature", "properties": { "URL": "https://www.google.com/maps/place/C%26B/data=!4m2!3m1!1s0x89c259781f18c8fb:0xeb30b64e5cf1d124", "Title": "C&B", "Note": null, "Tags": null, "Comment": null, "Categories": "Cafes and Desserts", "Status": "visible", "Featured": "no", "Latitude": 40.7251418, "Longitude": -73.98162, "Matched_Address": "C&B, 178, East 7th Street, Alphabet City, Manhattan Community Board 3, Manhattan, New York County, New York, 10009, United States", "Neighborhood": "East Village", "Borough": "Manhattan", "Primary_Category": "Cafes and Desserts", "Emoji": "☕" }, "geometry": { "type": "Point", "coordinates": [ -73.98162, 40.7251418 ] } },
{ "type": "Feature", "properties": { "URL": "https://www.google.com/maps/place/Caf%C3%A9+China/data=!4m2!3m1!1s0x89c25900adca7485:0x1d4ea398ad50e0c", "Title": "Café China", "Note": null, "Tags": null, "Comment": null, "Categories": "Restaurants and Food", "Status": "visible", "Featured": "no", "Latitude": 40.7515794, "Longitude": -73.9858142, "Matched_Address": "Cafe China, 59, West 37th Street, Midtown South, Manhattan Community Board 5, Manhattan, New York County, New York, 10018, United States", "Neighborhood": "Midtown-Times Square", "Borough": "Manhattan", "Primary_Category": "Restaurants and Food", "Emoji": "🍴" }, "geometry": { "type": "Point", "coordinates": [ -73.9858142, 40.7515794 ] } },
{ "type": "Feature", "properties": { "URL": "https://www.google.com/maps/place/Cafe+Erzulie/data=!4m2!3m1!1s0x89c25bf7c1c7f1ff:0xc03061dba905a50f", "Title": "Cafe Erzulie", "Note": null, "Tags": null, "Comment": null, "Categories": "Bars", "Status": "visible", "Featured": "no", "Latitude": 40.6978902, "Longitude": -73.9371547, "Matched_Address": "Café Erzulie, 894, Broadway, Brooklyn, Kings County, New York, 11206, United States", "Neighborhood": "Bedford-Stuyvesant (East)", "Borough": "Brooklyn", "Primary_Category": "Bars", "Emoji": "🍷" }, "geometry": { "type": "Point", "coordinates": [ -73.9371547, 40.6978902 ] } },
{ "type": "Feature", "properties": { "URL": "https://www.google.com/maps/place/Cafe+Himalaya/data=!4m2!3m1!1s0x89c259839bade093:0xa9c4f5f29991e3a6", "Title": "Cafe Himalaya", "Note": null, "Tags": null, "Comment": null, "Categories": "Restaurants and Food", "Status": "visible", "Featured": "no", "Latitude": 40.723193, "Longitude": -73.9879942, "Matched_Address": "Cafe Himalaya, 78, East 1st Street, Manhattan Community Board 3, Manhattan, New York County, New York, 10009, United States", "Neighborhood": "East Village", "Borough": "Manhattan", "Primary_Category": "Restaurants and Food", "Emoji": "🍴" }, "geometry": { "type": "Point", "coordinates": [ -73.9879942, 40.723193 ] } },
{ "type": "Feature", "properties": { "URL": "https://www.google.com/maps/place/Cafe+Massawa/data=!4m2!3m1!1s0x89c2f7007c59fdd1:0x4a92eef8ed8c56ac", "Title": "Cafe Massawa", "Note": null, "Tags": null, "Comment": null, "Categories": "Restaurants and Food", "Status": "visible", "Featured": "no", "Latitude": 40.8145806, "Longitude": -73.9594549, "Matched_Address": "Cafe Massawa, 3153, Broadway, Morningside Heights, Manhattan Community Board 9, Manhattan, New York County, New York, 10027, United States", "Neighborhood": "Morningside Heights", "Borough": "Manhattan", "Primary_Category": "Restaurants and Food", "Emoji": "🍴" }, "geometry": { "type": "Point", "coordinates": [ -73.9594549, 40.8145806 ] } },
{ "type": "Feature", "properties": { "URL": "https://www.google.com/maps/place/Cafe+Nube/data=!4m2!3m1!1s0x89c25bcbc9fb2a91:0xe7fc683d58cb6e15", "Title": "Cafe Nube", "Note": null, "Tags": null, "Comment": null, "Categories": "Cafes and Desserts", "Status": "visible", "Featured": "no", "Latitude": 40.6547688, "Longitude": -74.0042563, "Matched_Address": "Cafe Nube, 940, 4th Avenue, Sunset Park, Brooklyn, Kings County, New York, 11232, United States", "Neighborhood": "Sunset Park (West)", "Borough": "Brooklyn", "Primary_Category": "Cafes and Desserts", "Emoji": "☕" }, "geometry": { "type": "Point", "coordinates": [ -74.0042563, 40.6547688 ] } },
{ "type": "Feature", "properties": { "URL": "https://www.google.com/maps/place/Caffe+Reggio/data=!4m2!3m1!1s0x89c25991817682af:0xc21f1f85a7b96c03", "Title": "Caffe Reggio", "Note": "Giving cafe vittoria", "Tags": null, "Comment": null, "Categories": "Bars", "Status": "visible", "Featured": "no", "Latitude": 40.730322, "Longitude": -74.0003624, "Matched_Address": "Caffe Reggio, 119, MacDougal Street, University Village, Manhattan, New York County, New York, 10012, United States", "Neighborhood": "Greenwich Village", "Borough": "Manhattan", "Primary_Category": "Bars", "Emoji": "🍷" }, "geometry": { "type": "Point", "coordinates": [ -74.0003624, 40.730322 ] } },
{ "type": "Feature", "properties": { "URL": "https://www.google.com/maps/place/Canal+Plastics+Center/data=!4m2!3m1!1s0x89c2598a550da765:0x9388f97f8112c36f", "Title": "Canal Plastics Center", "Note": null, "Tags": null, "Comment": null, "Categories": "Things", "Status": "visible", "Featured": "no", "Latitude": 40.7208418, "Longitude": -74.0034261, "Matched_Address": "Canal Plastics Center, 345, Canal Street, Little Italy, Lower Manhattan, Manhattan, New York County, New York, 10013, United States", "Neighborhood": "SoHo-Little Italy-Hudson Square", "Borough": "Manhattan", "Primary_Category": "Things", "Emoji": "✨" }, "geometry": { "type": "Point", "coordinates": [ -74.0034261, 40.7208418 ] } },
{ "type": "Feature", "properties": { "URL": "https://www.google.com/maps/place/Cannelle+Patisserie/data=!4m2!3m1!1s0x89c25923e1a5c859:0x5be214678ebc4d67", "Title": "Cannelle Patisserie", "Note": "Croisssnt", "Tags": null, "Comment": null, "Categories": "Cafes and Desserts", "Status": "visible", "Featured": "no", "Latitude": 40.7600992, "Longitude": -73.8920175, "Matched_Address": "Cannelle Patisserie, 75-59, 31st Avenue, Jackson Heights, Queens, Queens County, New York, 11370, United States", "Neighborhood": "Jackson Heights", "Borough": "Queens", "Primary_Category": "Cafes and Desserts", "Emoji": "☕" }, "geometry": { "type": "Point", "coordinates": [ -73.8920175, 40.7600992 ] } },
{ "type": "Feature", "properties": { "URL": "https://www.google.com/maps/place/Carmelo%E2%80%99s/data=!4m2!3m1!1s0x89c25c1c688dbd7d:0xdbfd48b117a8083f", "Title": "Carmelo’s", "Note": null, "Tags": null, "Comment": null, "Categories": "Bars", "Status": "visible", "Featured": "no", "Latitude": 40.7027786, "Longitude": -73.9205174, "Matched_Address": "Carmelo's, 1544, DeKalb Avenue, Bushwick, Brooklyn, Kings County, New York, 11237, United States", "Neighborhood": "Bushwick (West)", "Borough": "Brooklyn", "Primary_Category": "Bars", "Emoji": "🍷" }, "geometry": { "type": "Point", "coordinates": [ -73.9205174, 40.7027786 ] } },
{ "type": "Feature", "properties": { "URL": "https://www.google.com/maps/place/Carousel/data=!4m2!3m1!1s0x89c25d13a580714b:0x30a46a1e9c1d9c43", "Title": "Carousel", "Note": "rooftop", "Tags": null, "Comment": null, "Categories": "Bars", "Status": "visible", "Featured": "no", "Latitude": 40.6637372, "Longitude": -73.9642275, "Matched_Address": "Carousel, 454, Flatbush Avenue, Brooklyn, Kings County, New York, 11215, United States", "Neighborhood": "Prospect Park", "Borough": "Brooklyn", "Primary_Category": "Bars", "Emoji": "🍷" }, "geometry": { "type": "Point", "coordinates": [ -73.9642275, 40.6637372 ] } },
{ "type": "Feature", "properties": { "URL": "https://www.google.com/maps/place/Casey+Rubber+Stamps/data=!4m2!3m1!1s0x89c2599dc892766d:0x26f2fe924a44bf1", "Title": "Casey Rubber Stamps", "Note": "V cute", "Tags": null, "Comment": null, "Categories": "Things", "Status": "visible", "Featured": "no", "Latitude": 40.7297777, "Longitude": -73.9852287, "Matched_Address": "Casey Rubber Stamps, East 11th Street, East Village, Manhattan Community Board 3, Manhattan, New York County, New York, 10003, United States", "Neighborhood": "East Village", "Borough": "Manhattan", "Primary_Category": "Things", "Emoji": "✨" }, "geometry": { "type": "Point", "coordinates": [ -73.9852287, 40.7297777 ] } },
{ "type": "Feature", "properties": { "URL": "https://www.google.com/maps/place/Catania+Bakery/data=!4m2!3m1!1s0x89c25c1fc6c5960d:0xce8075e9684486b2", "Title": "Catania Bakery", "Note": null, "Tags": null, "Comment": null, "Categories": "Cafes and Desserts | Restaurants and Food", "Status": "visible", "Featured": "no", "Latitude": 40.7099744, "Longitude": -73.8993373, "Matched_Address": "Catania Bakery, 64-10, Fresh Pond Road, Ridgewood, Queens, Queens County, New York, 11385, United States", "Neighborhood": "Ridgewood", "Borough": "Queens", "Primary_Category": "Cafes and Desserts", "Emoji": "☕" }, "geometry": { "type": "Point", "coordinates": [ -73.8993373, 40.7099744 ] } },
{ "type": "Feature", "properties": { "URL": "https://www.google.com/maps/place/Cheeseboat/data=!4m2!3m1!1s0x89c2595d0d1c1afb:0xf70ea283a8e900f", "Title": "Cheeseboat", "Note": "Not bad, maybe can find better but good for first time", "Tags": null, "Comment": null, "Categories": "Restaurants and Food", "Status": "visible", "Featured": "no", "Latitude": 40.7198823, "Longitude": -73.9578411, "Matched_Address": "Cheeseboat, 80, Berry Street, Williamsburg, Brooklyn, Kings County, New York, 11249, United States", "Neighborhood": "Williamsburg", "Borough": "Brooklyn", "Primary_Category": "Restaurants and Food", "Emoji": "🍴" }, "geometry": { "type": "Point", "coordinates": [ -73.9578411, 40.7198823 ] } },
{ "type": "Feature", "properties": { "URL": "https://www.google.com/maps/place/Cherry+Lane+Theatre/data=!4m2!3m1!1s0x89c25993211f7da1:0x37f08c9064b577ec", "Title": "Cherry Lane Theatre", "Note": null, "Tags": null, "Comment": null, "Categories": "Things", "Status": "visible", "Featured": "no", "Latitude": 40.7312452, "Longitude": -74.0052802, "Matched_Address": "Cherry Lane Theatre, 38, Commerce Street, West Village, Manhattan, New York County, New York, 10014, United States", "Neighborhood": "West Village", "Borough": "Manhattan", "Primary_Category": "Things", "Emoji": "✨" }, "geometry": { "type": "Point", "coordinates": [ -74.0052802, 40.7312452 ] } },
{ "type": "Feature", "properties": { "URL": "https://www.google.com/maps/place/Chez+Ma+Tante/data=!4m2!3m1!1s0x89c259418915de7b:0xd21521e340dc9d4c", "Title": "Chez Ma Tante", "Note": "Pancakes", "Tags": null, "Comment": null, "Categories": "Restaurants and Food", "Status": "visible", "Featured": "no", "Latitude": 40.7269042, "Longitude": -73.9573871, "Matched_Address": "Chez Ma Tante, 47, Franklin Street, Greenpoint, Brooklyn, Kings County, New York, 11222, United States", "Neighborhood": "Greenpoint", "Borough": "Brooklyn", "Primary_Category": "Restaurants and Food", "Emoji": "🍴" }, "geometry": { "type": "Point", "coordinates": [ -73.9573871, 40.7269042 ] } },
{ "type": "Feature", "properties": { "URL": "https://www.google.com/maps/place/China+River/data=!4m2!3m1!1s0x89c259b1ac06ebe9:0x7ba15a5b83e1ea07", "Title": "China River", "Note": null, "Tags": null, "Comment": null, "Categories": "Restaurants and Food", "Status": "visible", "Featured": "no", "Latitude": 40.7582012, "Longitude": -73.9883065, "Matched_Address": "China River, 258, West 44th Street, Times Square, Manhattan Community Board 5, Manhattan, New York County, New York, 10036, United States", "Neighborhood": "Midtown-Times Square", "Borough": "Manhattan", "Primary_Category": "Restaurants and Food", "Emoji": "🍴" }, "geometry": { "type": "Point", "coordinates": [ -73.9883065, 40.7582012 ] } },
{ "type": "Feature", "properties": { "URL": "https://www.google.com/maps/place/Chip+City/data=!4m2!3m1!1s0x89c25989c94d5107:0xa49c62d7ebd0d3fa", "Title": "Chip City", "Note": "Great cookies", "Tags": null, "Comment": null, "Categories": "Restaurants and Food", "Status": "visible", "Featured": "no", "Latitude": 40.7742562, "Longitude": -73.9546113, "Matched_Address": "Chip City, 1543, 2nd Avenue, Upper East Side, Manhattan Community Board 8, Manhattan, New York County, New York, 10075, United States", "Neighborhood": "Upper East Side-Yorkville", "Borough": "Manhattan", "Primary_Category": "Restaurants and Food", "Emoji": "🍴" }, "geometry": { "type": "Point", "coordinates": [ -73.9546113, 40.7742562 ] } },
{ "type": "Feature", "properties": { "URL": "https://www.google.com/maps/place/Claude+Bakery+(NYC)/data=!4m2!3m1!1s0x89c25993f3bad1df:0x2afe2b8cad265add", "Title": "Claude Bakery (NYC)", "Note": null, "Tags": null, "Comment": null, "Categories": "Cafes and Desserts", "Status": "visible", "Featured": "no", "Latitude": 40.7326391, "Longitude": -74.0017782, "Matched_Address": "Patisserie Claude, 187, West 4th Street, West Village, Manhattan, New York County, New York, 10014, United States", "Neighborhood": "West Village", "Borough": "Manhattan", "Primary_Category": "Cafes and Desserts", "Emoji": "☕" }, "geometry": { "type": "Point", "coordinates": [ -74.0017782, 40.7326391 ] } },
{ "type": "Feature", "properties": { "URL": "https://www.google.com/maps/place/Codex/data=!4m2!3m1!1s0x89c2598517799047:0x81e505847df747cc", "Title": "Codex", "Note": null, "Tags": null, "Comment": null, "Categories": "Bookstores", "Status": "visible", "Featured": "no", "Latitude": 40.725405, "Longitude": -73.9924896, "Matched_Address": "Codex, 1, Bleecker Street, NoHo, Manhattan, New York County, New York, 10012, United States", "Neighborhood": "Greenwich Village", "Borough": "Manhattan", "Primary_Category": "Bookstores", "Emoji": "📚" }, "geometry": { "type": "Point", "coordinates": [ -73.9924896, 40.725405 ] } },
{ "type": "Feature", "properties": { "URL": "https://www.google.com/maps/place/Comedy+Cellar/data=!4m2!3m1!1s0x89c2599180d8339b:0xd2c25939c1d48c83", "Title": "Comedy Cellar", "Note": "The OG", "Tags": null, "Comment": null, "Categories": "Bars", "Status": "visible", "Featured": "no", "Latitude": 40.730194, "Longitude": -74.0005647, "Matched_Address": "Comedy Cellar, 117, Minetta Lane, University Village, Manhattan, New York County, New York, 10012, United States", "Neighborhood": "Greenwich Village", "Borough": "Manhattan", "Primary_Category": "Bars", "Emoji": "🍷" }, "geometry": { "type": "Point", "coordinates": [ -74.0005647, 40.730194 ] } },
{ "type": "Feature", "properties": { "URL": "https://www.google.com/maps/place/Coming+Soon/data=!4m2!3m1!1s0x89c25a29c9536351:0xffbe03f1e3530a14", "Title": "Coming Soon", "Note": null, "Tags": null, "Comment": null, "Categories": "Things", "Status": "visible", "Featured": "no", "Latitude": 40.7149625, "Longitude": -73.991703, "Matched_Address": "Coming Soon, 53, Canal Street, Two Bridges, Manhattan Community Board 3, Manhattan, New York County, New York, 10002, United States", "Neighborhood": "Chinatown-Two Bridges", "Borough": "Manhattan", "Primary_Category": "Things", "Emoji": "✨" }, "geometry": { "type": "Point", "coordinates": [ -73.991703, 40.7149625 ] } },
{ "type": "Feature", "properties": { "URL": "https://www.google.com/maps/place/Culture+Espresso/data=!4m2!3m1!1s0x89c259ac51b13c75:0xc0bb81598f8d0c34", "Title": "Culture Espresso", "Note": "Choc chip cooks", "Tags": null, "Comment": null, "Categories": "Cafes and Desserts", "Status": "visible", "Featured": "no", "Latitude": 40.7551309, "Longitude": -73.9923795, "Matched_Address": "Culture Espresso, 315, West 38th Street, Manhattan Community Board 4, Manhattan, New York County, New York, 10018, United States", "Neighborhood": "Hell's Kitchen", "Borough": "Manhattan", "Primary_Category": "Cafes and Desserts", "Emoji": "☕" }, "geometry": { "type": "Point", "coordinates": [ -73.9923795, 40.7551309 ] } },
{ "type": "Feature", "properties": { "URL": "https://www.google.com/maps/place/David+Zwirner/data=!4m2!3m1!1s0x89c259c77bd1fe31:0x53c622628f724327", "Title": "David Zwirner", "Note": null, "Tags": null, "Comment": null, "Categories": "Museum & things", "Status": "visible", "Featured": "no", "Latitude": 40.745807, "Longitude": -74.0070327, "Matched_Address": "David Zwirner, 525, West 19th Street, Chelsea District, Manhattan Community Board 4, Manhattan, New York County, New York, 10011, United States", "Neighborhood": "Chelsea-Hudson Yards", "Borough": "Manhattan", "Primary_Category": "Museum & things", "Emoji": "🏛️" }, "geometry": { "type": "Point", "coordinates": [ -74.0070327, 40.745807 ] } },
{ "type": "Feature", "properties": { "URL": "https://www.google.com/maps/place/De+Hot+Pot/data=!4m2!3m1!1s0x89c25b12c699c33f:0x39dd26afa806a2ec", "Title": "De Hot Pot", "Note": null, "Tags": null, "Comment": null, "Categories": "Restaurants and Food", "Status": "visible", "Featured": "no", "Latitude": 40.6614142, "Longitude": -73.9605801, "Matched_Address": "De Hot Pot, Washington Avenue, Flatbush, Brooklyn, Kings County, New York, 11225, United States", "Neighborhood": "Prospect Lefferts Gardens-Wingate", "Borough": "Brooklyn", "Primary_Category": "Restaurants and Food", "Emoji": "🍴" }, "geometry": { "type": "Point", "coordinates": [ -73.9605801, 40.6614142 ] } },
{ "type": "Feature", "properties": { "URL": "https://www.google.com/maps/place/Dia+Chelsea/data=!4m2!3m1!1s0x89c259c7f0a4a6d1:0xc40582fbcedddb47", "Title": "Dia Chelsea", "Note": null, "Tags": null, "Comment": null, "Categories": "Museum & things", "Status": "visible", "Featured": "no", "Latitude": 40.7478387, "Longitude": -74.0063018, "Matched_Address": "Dia Chelsea, 537, West 22nd Street, Chelsea District, Manhattan Community Board 4, Manhattan, New York County, New York, 10011, United States", "Neighborhood": "Chelsea-Hudson Yards", "Borough": "Manhattan", "Primary_Category": "Museum & things", "Emoji": "🏛️" }, "geometry": { "type": "Point", "coordinates": [ -74.0063018, 40.7478387 ] } },
{ "type": "Feature", "properties": { "URL": "https://www.google.com/maps/place/Dizzy's+Club/data=!4m2!3m1!1s0x89c258f62fec73a7:0xe31a5e9bf7647d50", "Title": "Dizzy's Club", "Note": "$15 cover for students after 11, student jam", "Tags": null, "Comment": null, "Categories": "Jazz", "Status": "visible", "Featured": "no", "Latitude": 40.7685685, "Longitude": -73.9824278, "Matched_Address": "Dizzy’s Club, 10, Columbus Circle, Manhattan Community Board 4, Manhattan, New York County, New York, 10107, United States", "Neighborhood": "Upper West Side-Lincoln Square", "Borough": "Manhattan", "Primary_Category": "Jazz", "Emoji": "🎷" }, "geometry": { "type": "Point", "coordinates": [ -73.9824278, 40.7685685 ] } },
{ "type": "Feature", "properties": { "URL": "https://www.google.com/maps/place/Do+Not+Feed+Alligators/data=!4m2!3m1!1s0x89c259dd79e772c7:0xc06459a9de4a951e", "Title": "Do Not Feed Alligators", "Note": null, "Tags": null, "Comment": null, "Categories": "Cafes and Desserts", "Status": "visible", "Featured": "no", "Latitude": 40.7336811, "Longitude": -74.0042611, "Matched_Address": "Do Not Feed Alligators, 337, Bleecker Street, West Village, Manhattan, New York County, New York, 10014, United States", "Neighborhood": "West Village", "Borough": "Manhattan", "Primary_Category": "Cafes and Desserts", "Emoji": "☕" }, "geometry": { "type": "Point", "coordinates": [ -74.0042611, 40.7336811 ] } },
{ "type": "Feature", "properties": { "URL": "https://www.google.com/maps/place/Doaba+Deli/data=!4m2!3m1!1s0x89c2f623027112af:0x294c0106338dcd94", "Title": "Doaba Deli", "Note": null, "Tags": null, "Comment": null, "Categories": "Restaurants and Food", "Status": "visible", "Featured": "no", "Latitude": 40.799434, "Longitude": -73.9624791, "Matched_Address": "Doaba Deli, 945, Columbus Avenue, Manhattan Valley, Manhattan Community Board 7, Manhattan, New York County, New York, 10025, United States", "Neighborhood": "Upper West Side-Manhattan Valley", "Borough": "Manhattan", "Primary_Category": "Restaurants and Food", "Emoji": "🍴" }, "geometry": { "type": "Point", "coordinates": [ -73.9624791, 40.799434 ] } },
{ "type": "Feature", "properties": { "URL": "https://www.google.com/maps/place/Doc's+Cake+Shop/data=!4m2!3m1!1s0x89c25c7119bbab7d:0x26613b8d4c99f6de", "Title": "Doc's Cake Shop", "Note": "Banan puddin", "Tags": null, "Comment": null, "Categories": "Cafes and Desserts", "Status": "visible", "Featured": "no", "Latitude": 40.6811639, "Longitude": -73.9283744, "Matched_Address": "Doc's Cake Shop, Bainbridge Street, Brooklyn, Kings County, New York, 11233, United States", "Neighborhood": "Bedford-Stuyvesant (East)", "Borough": "Brooklyn", "Primary_Category": "Cafes and Desserts", "Emoji": "☕" }, "geometry": { "type": "Point", "coordinates": [ -73.9283744, 40.6811639 ] } },
{ "type": "Feature", "properties": { "URL": "https://www.google.com/maps/place/Double+Chicken+Please/data=!4m2!3m1!1s0x89c2594f17616e23:0xfe458d735da2699e", "Title": "Double Chicken Please", "Note": null, "Tags": null, "Comment": null, "Categories": "Bars", "Status": "visible", "Featured": "no", "Latitude": 40.7195842, "Longitude": -73.9904912, "Matched_Address": "Double Chicken Please, 115, Allen Street, Lower East Side, Manhattan Community Board 3, Manhattan, New York County, New York, 10002, United States", "Neighborhood": "Lower East Side", "Borough": "Manhattan", "Primary_Category": "Bars", "Emoji": "🍷" }, "geometry": { "type": "Point", "coordinates": [ -73.9904912, 40.7195842 ] } },
{ "type": "Feature", "properties": { "URL": "https://www.google.com/maps/place/Double+Dutch+Espresso/data=!4m2!3m1!1s0x89c2f61405ee66d7:0x43316e341dbe00a2", "Title": "Double Dutch Espresso", "Note": null, "Tags": null, "Comment": null, "Categories": "Cafes and Desserts", "Status": "visible", "Featured": "no", "Latitude": 40.80584, "Longitude": -73.9539968, "Matched_Address": "Double Dutch Espresso, 2194, Frederick Douglass Boulevard, Harlem, Manhattan Community Board 10, Manhattan, New York County, New York, 10026, United States", "Neighborhood": "Harlem (South)", "Borough": "Manhattan", "Primary_Category": "Cafes and Desserts", "Emoji": "☕" }, "geometry": { "type": "Point", "coordinates": [ -73.9539968, 40.80584 ] } },
{ "type": "Feature", "properties": { "URL": "https://www.google.com/maps/place/Drawing+Room/data=!4m2!3m1!1s0x89c259fd6d5d4915:0xda5719d5b7c87519", "Title": "Drawing Room", "Note": null, "Tags": null, "Comment": null, "Categories": "Cafes and Desserts", "Status": "visible", "Featured": "no", "Latitude": 40.7493717, "Longitude": -73.9940704, "Matched_Address": "The Drawing Room, West 30th Street, Chelsea District, Manhattan Community Board 5, Manhattan, New York County, New York, 10001, United States", "Neighborhood": "Midtown South-Flatiron-Union Square", "Borough": "Manhattan", "Primary_Category": "Cafes and Desserts", "Emoji": "☕" }, "geometry": { "type": "Point", "coordinates": [ -73.9940704, 40.7493717 ] } },
{ "type": "Feature", "properties": { "URL": "https://www.google.com/maps/place/Duo+Cafe/data=!4m2!3m1!1s0x89c259c3c3e261ed:0x99382c99f1111170", "Title": "Duo Cafe", "Note": null, "Tags": null, "Comment": null, "Categories": "Cafes and Desserts", "Status": "visible", "Featured": "no", "Latitude": 40.7273382, "Longitude": -73.9900277, "Matched_Address": "Duo, 223, East 5th Street, East Village, Manhattan Community Board 3, Manhattan, New York County, New York, 10003, United States", "Neighborhood": "East Village", "Borough": "Manhattan", "Primary_Category": "Cafes and Desserts", "Emoji": "☕" }, "geometry": { "type": "Point", "coordinates": [ -73.9900277, 40.7273382 ] } },
{ "type": "Feature", "properties": { "URL": "https://www.google.com/maps/place/East+Village+Thrift+Shop/data=!4m2!3m1!1s0x89c2599e801fb543:0x467fee004225da16", "Title": "East Village Thrift Shop", "Note": null, "Tags": null, "Comment": null, "Categories": "Things", "Status": "visible", "Featured": "no", "Latitude": 40.7307434, "Longitude": -73.9858612, "Matched_Address": "East Village Thrift Shop, 186, 2nd Avenue, East Village, Manhattan Community Board 3, Manhattan, New York County, New York, 10003, United States", "Neighborhood": "East Village", "Borough": "Manhattan", "Primary_Category": "Things", "Emoji": "✨" }, "geometry": { "type": "Point", "coordinates": [ -73.9858612, 40.7307434 ] } },
{ "type": "Feature", "properties": { "URL": "https://www.google.com/maps/place/Eli+Zabar's/data=!4m2!3m1!1s0x89c259023822a79d:0x1ff41d622902e4d9", "Title": "Eli Zabar's", "Note": null, "Tags": null, "Comment": null, "Categories": "Cafes and Desserts", "Status": "visible", "Featured": "no", "Latitude": 40.7750087, "Longitude": -73.9565252, "Matched_Address": "Eli's Market, 1411, 3rd Avenue, Upper East Side, Manhattan Community Board 8, Manhattan, New York County, New York, 10028, United States", "Neighborhood": "Upper East Side-Yorkville", "Borough": "Manhattan", "Primary_Category": "Cafes and Desserts", "Emoji": "☕" }, "geometry": { "type": "Point", "coordinates": [ -73.9565252, 40.7750087 ] } },
{ "type": "Feature", "properties": { "URL": "https://www.google.com/maps/place/Elsewhere/data=!4m2!3m1!1s0x89c25f48090450ad:0xb4eb4d47330581b2", "Title": "Elsewhere", "Note": null, "Tags": null, "Comment": null, "Categories": "Bars", "Status": "visible", "Featured": "no", "Latitude": 40.7094772, "Longitude": -73.9232355, "Matched_Address": "Elsewhere, 599, Johnson Avenue, Brooklyn, Kings County, New York, 11237, United States", "Neighborhood": "East Williamsburg", "Borough": "Brooklyn", "Primary_Category": "Bars", "Emoji": "🍷" }, "geometry": { "type": "Point", "coordinates": [ -73.9232355, 40.7094772 ] } },
{ "type": "Feature", "properties": { "URL": "https://www.google.com/maps/place/Film+Forum/data=!4m2!3m1!1s0x89c2598d62ba7a5b:0x5b2c96dc784c7ac2", "Title": "Film Forum", "Note": null, "Tags": null, "Comment": null, "Categories": "Museum & things", "Status": "visible", "Featured": "no", "Latitude": 40.7283888, "Longitude": -74.0043864, "Matched_Address": "Film Forum, 209, West Houston Street, Hudson Square, Manhattan, New York County, New York, 10014, United States", "Neighborhood": "SoHo-Little Italy-Hudson Square", "Borough": "Manhattan", "Primary_Category": "Museum & things", "Emoji": "🏛️" }, "geometry": { "type": "Point", "coordinates": [ -74.0043864, 40.7283888 ] } },
{ "type": "Feature", "properties": { "URL": "https://www.google.com/maps/place/Forbidden+Planet/data=!4m2!3m1!1s0x89c259991e988193:0x65723cc5ffde9287", "Title": "Forbidden Planet", "Note": null, "Tags": null, "Comment": null, "Categories": "Bookstores", "Status": "visible", "Featured": "no", "Latitude": 40.7335132, "Longitude": -73.9908816, "Matched_Address": "Forbidden Planet, 832, Broadway, Union Square, Manhattan, New York County, New York, 10003, United States", "Neighborhood": "Greenwich Village", "Borough": "Manhattan", "Primary_Category": "Bookstores", "Emoji": "📚" }, "geometry": { "type": "Point", "coordinates": [ -73.9908816, 40.7335132 ] } },
{ "type": "Feature", "properties": { "URL": "https://www.google.com/maps/place/Forma+Pasta+Factory/data=!4m2!3m1!1s0x89c2594452425643:0x7818a308a964a960", "Title": "Forma Pasta Factory", "Note": "YUM", "Tags": null, "Comment": null, "Categories": "Restaurants and Food", "Status": "visible", "Featured": "no", "Latitude": 40.6859913, "Longitude": -73.9731215, "Matched_Address": "Forma Pasta Factory, 5, Greene Avenue, Fort Greene, Brooklyn, Kings County, New York, 11238, United States", "Neighborhood": "Fort Greene", "Borough": "Brooklyn", "Primary_Category": "Restaurants and Food", "Emoji": "🍴" }, "geometry": { "type": "Point", "coordinates": [ -73.9731215, 40.6859913 ] } },
{ "type": "Feature", "properties": { "URL": "https://www.google.com/maps/place/Forma+Pasta+Factory/data=!4m2!3m1!1s0x89c25b01f6e38471:0xba395a01318af292", "Title": "Forma Pasta Factory", "Note": "YUM", "Tags": null, "Comment": null, "Categories": "Restaurants and Food", "Status": "visible", "Featured": "no", "Latitude": 40.6859913, "Longitude": -73.9731215, "Matched_Address": "Forma Pasta Factory, 5, Greene Avenue, Fort Greene, Brooklyn, Kings County, New York, 11238, United States", "Neighborhood": "Fort Greene", "Borough": "Brooklyn", "Primary_Category": "Restaurants and Food", "Emoji": "🍴" }, "geometry": { "type": "Point", "coordinates": [ -73.9731215, 40.6859913 ] } },
{ "type": "Feature", "properties": { "URL": "https://www.google.com/maps/place/Frisson+Espresso/data=!4m2!3m1!1s0x89c25853ffb8df25:0x9a673d5598a64ab4", "Title": "Frisson Espresso", "Note": null, "Tags": null, "Comment": null, "Categories": "Cafes and Desserts", "Status": "visible", "Featured": "no", "Latitude": 40.7608908, "Longitude": -73.9889333, "Matched_Address": "Frisson Espresso, West 47th Street, Hell's Kitchen, Manhattan Community Board 4, Manhattan, New York County, New York, 10036, United States", "Neighborhood": "Hell's Kitchen", "Borough": "Manhattan", "Primary_Category": "Cafes and Desserts", "Emoji": "☕" }, "geometry": { "type": "Point", "coordinates": [ -73.9889333, 40.7608908 ] } },
{ "type": "Feature", "properties": { "URL": "https://www.google.com/maps/place/Gagosian/data=!4m2!3m1!1s0x89c259b7ef7758bb:0x56a2ca970c0f3692", "Title": "Gagosian", "Note": null, "Tags": null, "Comment": null, "Categories": "Museum & things", "Status": "visible", "Featured": "no", "Latitude": 40.7494423, "Longitude": -74.0059445, "Matched_Address": "Gagosian, 555, West 24th Street, Chelsea District, Manhattan Community Board 4, Manhattan, New York County, New York, 10011, United States", "Neighborhood": "Chelsea-Hudson Yards", "Borough": "Manhattan", "Primary_Category": "Museum & things", "Emoji": "🏛️" }, "geometry": { "type": "Point", "coordinates": [ -74.0059445, 40.7494423 ] } },
{ "type": "Feature", "properties": { "URL": "https://www.google.com/maps/place/Gnocchi+on+9th/data=!4m2!3m1!1s0x89c25910e769d329:0xd75a48ec4b90f594", "Title": "Gnocchi on 9th", "Note": null, "Tags": null, "Comment": null, "Categories": "Restaurants and Food", "Status": "visible", "Featured": "no", "Latitude": 40.7209648, "Longitude": -73.9886535, "Matched_Address": "Gnocchi on 9th, 158, Orchard Street, Lower East Side, Manhattan Community Board 3, Manhattan, New York County, New York, 10002, United States", "Neighborhood": "Lower East Side", "Borough": "Manhattan", "Primary_Category": "Restaurants and Food", "Emoji": "🍴" }, "geometry": { "type": "Point", "coordinates": [ -73.9886535, 40.7209648 ] } },
{ "type": "Feature", "properties": { "URL": "https://www.google.com/maps/place/Golden+Diner/data=!4m2!3m1!1s0x89c25bb8f896e9d7:0x3783be16e6af1ced", "Title": "Golden Diner", "Note": "Honey butter pancake", "Tags": null, "Comment": null, "Categories": "Restaurants and Food", "Status": "visible", "Featured": "no", "Latitude": 40.7124474, "Longitude": -73.9942216, "Matched_Address": "Golden Diner, 123, Madison Street, Two Bridges, Manhattan Community Board 3, Manhattan, New York County, New York, 10002, United States", "Neighborhood": "Chinatown-Two Bridges", "Borough": "Manhattan", "Primary_Category": "Restaurants and Food", "Emoji": "🍴" }, "geometry": { "type": "Point", "coordinates": [ -73.9942216, 40.7124474 ] } },
{ "type": "Feature", "properties": { "URL": "https://www.google.com/maps/place/Good+Room/data=!4m2!3m1!1s0x89c25946b09ba761:0x90af8ca50b67a075", "Title": "Good Room", "Note": null, "Tags": null, "Comment": null, "Categories": "Bars", "Status": "visible", "Featured": "no", "Latitude": 40.7269085, "Longitude": -73.9528103, "Matched_Address": "Good Room, 98, Meserole Avenue, Greenpoint, Brooklyn, Kings County, New York, 11222, United States", "Neighborhood": "Greenpoint", "Borough": "Brooklyn", "Primary_Category": "Bars", "Emoji": "🍷" }, "geometry": { "type": "Point", "coordinates": [ -73.9528103, 40.7269085 ] } },
{ "type": "Feature", "properties": { "URL": "https://www.google.com/maps/place/Goods+For+The+Study/data=!4m2!3m1!1s0x89c25996c92cf403:0x68367f5aefd4550c", "Title": "Goods For The Study", "Note": null, "Tags": null, "Comment": null, "Categories": "Bookstores | Things", "Status": "visible", "Featured": "no", "Latitude": 40.7331426, "Longitude": -73.9987658, "Matched_Address": "Goods For The Study, West 8th Street, Greenwich Village, Manhattan, New York County, New York, 10014, United States", "Neighborhood": "Greenwich Village", "Borough": "Manhattan", "Primary_Category": "Bookstores", "Emoji": "📚" }, "geometry": { "type": "Point", "coordinates": [ -73.9987658, 40.7331426 ] } },
{ "type": "Feature", "properties": { "URL": "https://www.google.com/maps/place/Grand+Bazaar+NYC/data=!4m2!3m1!1s0x89c25f3f8fa58d8b:0xa6db2306867235fa", "Title": "Grand Bazaar NYC", "Note": null, "Tags": null, "Comment": null, "Categories": "Things", "Status": "visible", "Featured": "no", "Latitude": 40.7804227, "Longitude": -73.9770351, "Matched_Address": "Grand Bazaar, 100, West 77th Street, Upper West Side, Manhattan Community Board 7, Manhattan, New York County, New York, 10024, United States", "Neighborhood": "Upper West Side (Central)", "Borough": "Manhattan", "Primary_Category": "Things", "Emoji": "✨" }, "geometry": { "type": "Point", "coordinates": [ -73.9770351, 40.7804227 ] } },
{ "type": "Feature", "properties": { "URL": "https://www.google.com/maps/place/Grandaisy+Bakery/data=!4m2!3m1!1s0x89c2598ab7ec5d01:0x5d31dc74ccf3cee8", "Title": "Grandaisy Bakery", "Note": null, "Tags": null, "Comment": null, "Categories": "Cafes and Desserts", "Status": "visible", "Featured": "no", "Latitude": 40.7200222, "Longitude": -74.0058804, "Matched_Address": "Grandaisy Bakery, 250, West Broadway, Tribeca, Lower Manhattan, Manhattan, New York County, New York, 10013, United States", "Neighborhood": "Tribeca-Civic Center", "Borough": "Manhattan", "Primary_Category": "Cafes and Desserts", "Emoji": "☕" }, "geometry": { "type": "Point", "coordinates": [ -74.0058804, 40.7200222 ] } },
{ "type": "Feature", "properties": { "URL": "https://www.google.com/maps/place/Grocery+205/data=!4m2!3m1!1s0x89c259004665230f:0xc8d26e5afd77efbd", "Title": "Grocery 205", "Note": null, "Tags": null, "Comment": null, "Categories": "Cafes and Desserts", "Status": "visible", "Featured": "no", "Latitude": 40.713856, "Longitude": -73.7549071, "Matched_Address": "Skeldon Market Place Grocery, 205-05, Jamaica Avenue, Bellaire, Queens, Queens County, New York, 11001, United States", "Neighborhood": "Hollis", "Borough": "Queens", "Primary_Category": "Cafes and Desserts", "Emoji": "☕" }, "geometry": { "type": "Point", "coordinates": [ -73.7549071, 40.713856 ] } },
{ "type": "Feature", "properties": { "URL": "https://www.google.com/maps/place/Haile/data=!4m2!3m1!1s0x89c25976fb455de9:0xcf871927c28601ce", "Title": "Haile", "Note": "Good shi", "Tags": null, "Comment": null, "Categories": "Restaurants and Food", "Status": "visible", "Featured": "no", "Latitude": 40.6864943, "Longitude": -73.9471851, "Matched_Address": "The Church of Haile Selassie I, 470, Gates Avenue, Bedford-Stuyvesant, Brooklyn, Kings County, New York, 11216, United States", "Neighborhood": "Bedford-Stuyvesant (West)", "Borough": "Brooklyn", "Primary_Category": "Restaurants and Food", "Emoji": "🍴" }, "geometry": { "type": "Point", "coordinates": [ -73.9471851, 40.6864943 ] } },
{ "type": "Feature", "properties": { "URL": "https://www.google.com/maps/place/Hair+of+the+Dog/data=!4m2!3m1!1s0x89c25983fdf74673:0xcb4e5b474e83b81a", "Title": "Hair of the Dog", "Note": null, "Tags": null, "Comment": null, "Categories": "Bars", "Status": "visible", "Featured": "no", "Latitude": 40.7213153, "Longitude": -73.9884871, "Matched_Address": "Hair Of The Dog, 168, Orchard Street, Lower East Side, Manhattan Community Board 3, Manhattan, New York County, New York, 10002, United States", "Neighborhood": "Lower East Side", "Borough": "Manhattan", "Primary_Category": "Bars", "Emoji": "🍷" }, "geometry": { "type": "Point", "coordinates": [ -73.9884871, 40.7213153 ] } },
{ "type": "Feature", "properties": { "URL": "https://www.google.com/maps/place/Hangawi/data=!4m2!3m1!1s0x89c259a86a3a29b5:0x79a2bb2ad7d70e00", "Title": "Hangawi", "Note": null, "Tags": null, "Comment": null, "Categories": "Restaurants and Food", "Status": "visible", "Featured": "no", "Latitude": 40.7466917, "Longitude": -73.9846896, "Matched_Address": "Hangawi, 12, East 32nd Street, Koreatown, Manhattan Community Board 5, Manhattan, New York County, New York, 10016, United States", "Neighborhood": "Midtown South-Flatiron-Union Square", "Borough": "Manhattan", "Primary_Category": "Restaurants and Food", "Emoji": "🍴" }, "geometry": { "type": "Point", "coordinates": [ -73.9846896, 40.7466917 ] } },
{ "type": "Feature", "properties": { "URL": "https://www.google.com/maps/place/Head+Hi/data=!4m2!3m1!1s0x89c25b751a30639f:0xa9de97e7b0d8ccf2", "Title": "Head Hi", "Note": null, "Tags": null, "Comment": null, "Categories": "Cafes and Desserts", "Status": "visible", "Featured": "no", "Latitude": 40.6977235, "Longitude": -73.9709547, "Matched_Address": "Head Hi, 146, Flushing Avenue, Brooklyn Navy Yard, Brooklyn, Kings County, New York, 11205, United States", "Neighborhood": "Fort Greene", "Borough": "Brooklyn", "Primary_Category": "Cafes and Desserts", "Emoji": "☕" }, "geometry": { "type": "Point", "coordinates": [ -73.9709547, 40.6977235 ] } },
{ "type": "Feature", "properties": { "URL": "https://www.google.com/maps/place/Hen+House+Nyc/data=!4m2!3m1!1s0x89c259d5ac48d9e3:0x8c7707fec30663c7", "Title": "Hen House Nyc", "Note": null, "Tags": null, "Comment": null, "Categories": "Restaurants and Food", "Status": "visible", "Featured": "no", "Latitude": 40.7270198, "Longitude": -73.9855018, "Matched_Address": "Hen House NYC, 120, 1st Avenue, East Village, Manhattan Community Board 3, Manhattan, New York County, New York, 10009, United States", "Neighborhood": "East Village", "Borough": "Manhattan", "Primary_Category": "Restaurants and Food", "Emoji": "🍴" }, "geometry": { "type": "Point", "coordinates": [ -73.9855018, 40.7270198 ] } },
{ "type": "Feature", "properties": { "URL": "https://www.google.com/maps/place/Henry+%26+The+Lions/data=!4m2!3m1!1s0x89c259baadb00017:0x2343f023e7e52e69", "Title": "Henry & The Lions", "Note": null, "Tags": null, "Comment": null, "Categories": "Restaurants and Food", "Status": "visible", "Featured": "no", "Latitude": 40.746813, "Longitude": -74.001689, "Matched_Address": "Henry & The Lions, 400, West 24th Street, Chelsea District, Manhattan Community Board 4, Manhattan, New York County, New York, 10011, United States", "Neighborhood": "Chelsea-Hudson Yards", "Borough": "Manhattan", "Primary_Category": "Restaurants and Food", "Emoji": "🍴" }, "geometry": { "type": "Point", "coordinates": [ -74.001689, 40.746813 ] } },
{ "type": "Feature", "properties": { "URL": "https://www.google.com/maps/place/Herb+Garden/data=!4m2!3m1!1s0x89c25b2bac39ce6d:0x6cb71eaa321ae37e", "Title": "Herb Garden", "Note": null, "Tags": null, "Comment": null, "Categories": "Things", "Status": "visible", "Featured": "no", "Latitude": 40.642821, "Longitude": -74.1033292, "Matched_Address": "Herb Garden, Staten Island, Richmond County, New York, United States", "Neighborhood": "Snug Harbor", "Borough": "Staten Island", "Primary_Category": "Things", "Emoji": "✨" }, "geometry": { "type": "Point", "coordinates": [ -74.1033292, 40.642821 ] } },
{ "type": "Feature", "properties": { "URL": "https://www.google.com/maps/place/Hide+%26+Seek/data=!4m2!3m1!1s0x89c2598a68571fe7:0xa08be4054fd27997", "Title": "Hide & Seek", "Note": null, "Tags": null, "Comment": null, "Categories": "Bars | Cafes and Desserts", "Status": "visible", "Featured": "no", "Latitude": 40.7229766, "Longitude": -73.950475, "Matched_Address": "Hide & Seek, 593, Manhattan Avenue, Greenpoint, Williamsburg, Brooklyn, Kings County, New York, 11222, United States", "Neighborhood": "Greenpoint", "Borough": "Brooklyn", "Primary_Category": "Bars", "Emoji": "🍷" }, "geometry": { "type": "Point", "coordinates": [ -73.950475, 40.7229766 ] } },
{ "type": "Feature", "properties": { "URL": "https://www.google.com/maps/place/Ho+Foods/data=!4m2!3m1!1s0x89c2599d374d857b:0x64d66138307f4738", "Title": "Ho Foods", "Note": null, "Tags": null, "Comment": null, "Categories": "Restaurants and Food", "Status": "visible", "Featured": "no", "Latitude": 40.7264166, "Longitude": -73.9847126, "Matched_Address": "Ho Foods, 110, East 7th Street, East Village, Manhattan Community Board 3, Manhattan, New York County, New York, 10009, United States", "Neighborhood": "East Village", "Borough": "Manhattan", "Primary_Category": "Restaurants and Food", "Emoji": "🍴" }, "geometry": { "type": "Point", "coordinates": [ -73.9847126, 40.7264166 ] } },
{ "type": "Feature", "properties": { "URL": "https://www.google.com/maps/place/Housing+Works+Bookstore/data=!4m2!3m1!1s0x89c2598f0b63a449:0xd48bfa18a7914de3", "Title": "Housing Works Bookstore", "Note": null, "Tags": null, "Comment": null, "Categories": "Bookstores", "Status": "visible", "Featured": "no", "Latitude": 40.7245873, "Longitude": -73.9964985, "Matched_Address": "Housing Works Bookstore Cafe, 126, Crosby Street, Little Italy, Lower Manhattan, Manhattan, New York County, New York, 10012, United States", "Neighborhood": "SoHo-Little Italy-Hudson Square", "Borough": "Manhattan", "Primary_Category": "Bookstores", "Emoji": "📚" }, "geometry": { "type": "Point", "coordinates": [ -73.9964985, 40.7245873 ] } },
{ "type": "Feature", "properties": { "URL": "https://www.google.com/maps/place/IXV+coffee/data=!4m2!3m1!1s0x89c25bfd962822f7:0xfce2f048f91c1006", "Title": "IXV coffee", "Note": null, "Tags": null, "Comment": null, "Categories": "Cafes and Desserts", "Status": "visible", "Featured": "no", "Latitude": 40.6849219, "Longitude": -73.9814597, "Matched_Address": "IXV, 495, Pacific Street, Boerum Hill, Brooklyn, Kings County, New York, 11217, United States", "Neighborhood": "Downtown Brooklyn-DUMBO-Boerum Hill", "Borough": "Brooklyn", "Primary_Category": "Cafes and Desserts", "Emoji": "☕" }, "geometry": { "type": "Point", "coordinates": [ -73.9814597, 40.6849219 ] } },
{ "type": "Feature", "properties": { "URL": "https://www.google.com/maps/place/Industry+City/data=!4m2!3m1!1s0x89c25ac0786c3207:0x97a4c7862e8ef155", "Title": "Industry City", "Note": null, "Tags": null, "Comment": null, "Categories": "Things", "Status": "visible", "Featured": "no", "Latitude": 40.6566834, "Longitude": -74.0072654, "Matched_Address": "Industry City, Brooklyn, Kings County, New York, United States", "Neighborhood": "Sunset Park (West)", "Borough": "Brooklyn", "Primary_Category": "Things", "Emoji": "✨" }, "geometry": { "type": "Point", "coordinates": [ -74.0072654, 40.6566834 ] } },
{ "type": "Feature", "properties": { "URL": "https://www.google.com/maps/place/International+Center+of+Photography+Museum/data=!4m2!3m1!1s0x89c25985ea5c84e5:0xfbebd1a658b81071", "Title": "International Center of Photography Museum", "Note": null, "Tags": null, "Comment": null, "Categories": "Museum & things", "Status": "visible", "Featured": "no", "Latitude": 40.7182002, "Longitude": -73.9891854, "Matched_Address": "International Center of Photography, 84, Ludlow Street, Lower East Side, Manhattan Community Board 3, Manhattan, New York County, New York, 10002, United States", "Neighborhood": "Lower East Side", "Borough": "Manhattan", "Primary_Category": "Museum & things", "Emoji": "🏛️" }, "geometry": { "type": "Point", "coordinates": [ -73.9891854, 40.7182002 ] } },
{ "type": "Feature", "properties": { "URL": "https://www.google.com/maps/place/Jacob's+Pickles/data=!4m2!3m1!1s0x89c25884484ee809:0x22a2b5cc2aa388b3", "Title": "Jacob's Pickles", "Note": null, "Tags": null, "Comment": null, "Categories": "Restaurants and Food", "Status": "visible", "Featured": "no", "Latitude": 40.7911792, "Longitude": -73.969073, "Matched_Address": "Jacob's Pickles, 680, Columbus Avenue, Upper West Side, Manhattan Community Board 7, Manhattan, New York County, New York, 10025, United States", "Neighborhood": "Upper West Side (Central)", "Borough": "Manhattan", "Primary_Category": "Restaurants and Food", "Emoji": "🍴" }, "geometry": { "type": "Point", "coordinates": [ -73.969073, 40.7911792 ] } },
{ "type": "Feature", "properties": { "URL": "https://www.google.com/maps/place/Jefferson+Market+Library/data=!4m2!3m1!1s0x89c25996eca3cc89:0x9fc513f0c1f9096a", "Title": "Jefferson Market Library", "Note": "Gothic library", "Tags": null, "Comment": null, "Categories": "Bookstores | Museum & things", "Status": "visible", "Featured": "no", "Latitude": 40.734588, "Longitude": -73.999192, "Matched_Address": "Jefferson Market Library, 425, 6th Avenue, Greenwich Village, Manhattan, New York County, New York, 10011, United States", "Neighborhood": "West Village", "Borough": "Manhattan", "Primary_Category": "Bookstores", "Emoji": "📚" }, "geometry": { "type": "Point", "coordinates": [ -73.999192, 40.734588 ] } },
{ "type": "Feature", "properties": { "URL": "https://www.google.com/maps/place/Joanne+Hendricks+Cookbooks/data=!4m2!3m1!1s0x89c259f3758a0be9:0xdba5885e65b45205", "Title": "Joanne Hendricks Cookbooks", "Note": null, "Tags": null, "Comment": null, "Categories": "Bookstores", "Status": "visible", "Featured": "no", "Latitude": 40.7252688, "Longitude": -74.0093584, "Matched_Address": "Joanne Hendricks Cookbooks, 488, Greenwich Street, Hudson Square, Manhattan, New York County, New York, 10013, United States", "Neighborhood": "SoHo-Little Italy-Hudson Square", "Borough": "Manhattan", "Primary_Category": "Bookstores", "Emoji": "📚" }, "geometry": { "type": "Point", "coordinates": [ -74.0093584, 40.7252688 ] } },
{ "type": "Feature", "properties": { "URL": "https://www.google.com/maps/place/Kailash+Parbat/data=!4m2!3m1!1s0x4065fce8515b924d:0xaed1813516a30bf8", "Title": "Kailash Parbat", "Note": null, "Tags": null, "Comment": null, "Categories": "Restaurants and Food", "Status": "visible", "Featured": "no", "Latitude": 40.7420659, "Longitude": -73.9826947, "Matched_Address": "Kailash Parbat, 99, Lexington Avenue, Rose Hill, Manhattan Community Board 6, Manhattan, New York County, New York, 10016, United States", "Neighborhood": "Gramercy", "Borough": "Manhattan", "Primary_Category": "Restaurants and Food", "Emoji": "🍴" }, "geometry": { "type": "Point", "coordinates": [ -73.9826947, 40.7420659 ] } },
{ "type": "Feature", "properties": { "URL": "https://www.google.com/maps/place/Kame/data=!4m2!3m1!1s0x89c259a7f5955223:0x8dc7533c6e8f7f7c", "Title": "Kame", "Note": null, "Tags": null, "Comment": null, "Categories": "Restaurants and Food", "Status": "visible", "Featured": "no", "Latitude": 40.7474506, "Longitude": -73.9966833, "Matched_Address": "Kame, 8th Avenue, Chelsea District, Manhattan Community Board 5, Manhattan, New York County, New York, 10001, United States", "Neighborhood": "Midtown South-Flatiron-Union Square", "Borough": "Manhattan", "Primary_Category": "Restaurants and Food", "Emoji": "🍴" }, "geometry": { "type": "Point", "coordinates": [ -73.9966833, 40.7474506 ] } },
{ "type": "Feature", "properties": { "URL": "https://www.google.com/maps/place/Kasmin+Gallery/data=!4m2!3m1!1s0x89c259b71c989d1b:0x76899f1b8cfcf34d", "Title": "Kasmin Gallery", "Note": null, "Tags": null, "Comment": null, "Categories": "Museum & things", "Status": "visible", "Featured": "no", "Latitude": 40.750406, "Longitude": -74.0024698, "Matched_Address": "Kasmin Gallery, 297, 10th Avenue, Chelsea District, Manhattan Community Board 4, Manhattan, New York County, New York, 10001, United States", "Neighborhood": "Chelsea-Hudson Yards", "Borough": "Manhattan", "Primary_Category": "Museum & things", "Emoji": "🏛️" }, "geometry": { "type": "Point", "coordinates": [ -74.0024698, 40.750406 ] } },
{ "type": "Feature", "properties": { "URL": "https://www.google.com/maps/place/Kato+Sake+Works/data=!4m2!3m1!1s0x89c25d2a9afa0f1f:0x4d48b05e03dda4ca", "Title": "Kato Sake Works", "Note": null, "Tags": null, "Comment": null, "Categories": "Bars", "Status": "visible", "Featured": "no", "Latitude": 40.7059366, "Longitude": -73.9236866, "Matched_Address": "Kato Sake Works, 379, Troutman Street, Bushwick, Brooklyn, Kings County, New York, 11237, United States", "Neighborhood": "Bushwick (West)", "Borough": "Brooklyn", "Primary_Category": "Bars", "Emoji": "🍷" }, "geometry": { "type": "Point", "coordinates": [ -73.9236866, 40.7059366 ] } },
{ "type": "Feature", "properties": { "URL": "https://www.google.com/maps/place/King+of+Falafel+%26+Shawarma/data=!4m2!3m1!1s0x89c25f3730ee6ad5:0x10302d726fb1a0c8", "Title": "King of Falafel & Shawarma", "Note": "Haven’t tried", "Tags": null, "Comment": null, "Categories": "Restaurants and Food", "Status": "visible", "Featured": "no", "Latitude": 40.7592265, "Longitude": -73.9728482, "Matched_Address": "King of Falafel & Shawarma, East 53rd Street, Midtown East, Manhattan Community Board 5, Manhattan, New York County, New York, 10022, United States", "Neighborhood": "Midtown-Times Square", "Borough": "Manhattan", "Primary_Category": "Restaurants and Food", "Emoji": "🍴" }, "geometry": { "type": "Point", "coordinates": [ -73.9728482, 40.7592265 ] } },
{ "type": "Feature", "properties": { "URL": "https://www.google.com/maps/place/Kings+Theatre/data=!4m2!3m1!1s0x89c25b493b5ae649:0xfbaa9e9d6f1ddde0", "Title": "Kings Theatre", "Note": null, "Tags": null, "Comment": null, "Categories": "Museum & things", "Status": "visible", "Featured": "no", "Latitude": 40.6460103, "Longitude": -73.9573556, "Matched_Address": "Kings Theatre, Flatbush Avenue, Flatbush, Brooklyn, Kings County, New York, 11234, United States", "Neighborhood": "Flatbush", "Borough": "Brooklyn", "Primary_Category": "Museum & things", "Emoji": "🏛️" }, "geometry": { "type": "Point", "coordinates": [ -73.9573556, 40.6460103 ] } },
{ "type": "Feature", "properties": { "URL": "https://www.google.com/maps/place/Kingston+Hall/data=!4m2!3m1!1s0x89c2599c40f05c37:0x53ad468f8d765834", "Title": "Kingston Hall", "Note": null, "Tags": null, "Comment": null, "Categories": "Bars", "Status": "visible", "Featured": "no", "Latitude": 40.7295009, "Longitude": -73.9872677, "Matched_Address": "Kingston Hall, 149, 2nd Avenue, East Village, Manhattan Community Board 3, Manhattan, New York County, New York, 10003, United States", "Neighborhood": "East Village", "Borough": "Manhattan", "Primary_Category": "Bars", "Emoji": "🍷" }, "geometry": { "type": "Point", "coordinates": [ -73.9872677, 40.7295009 ] } },
{ "type": "Feature", "properties": { "URL": "https://www.google.com/maps/place/Kinokuniya+New+York/data=!4m2!3m1!1s0x89c258fec061409f:0x6d8bd3ee0d399c4d", "Title": "Kinokuniya New York", "Note": null, "Tags": null, "Comment": null, "Categories": "Bookstores", "Status": "visible", "Featured": "no", "Latitude": 40.7540609, "Longitude": -73.9849066, "Matched_Address": "Kinokuniya, 1073, 6th Avenue, Midtown, Manhattan Community Board 5, Manhattan, New York County, New York, 10018, United States", "Neighborhood": "Midtown-Times Square", "Borough": "Manhattan", "Primary_Category": "Bookstores", "Emoji": "📚" }, "geometry": { "type": "Point", "coordinates": [ -73.9849066, 40.7540609 ] } },
{ "type": "Feature", "properties": { "URL": "https://www.google.com/maps/place/Kobrick+Coffee+Co./data=!4m2!3m1!1s0x89c259bf8945d107:0x8a9ec2a86a063b3f", "Title": "Kobrick Coffee Co.", "Note": null, "Tags": null, "Comment": null, "Categories": "Cafes and Desserts", "Status": "visible", "Featured": "no", "Latitude": 40.7403739, "Longitude": -74.0055542, "Matched_Address": "Kobrick Coffee, 28, 9th Avenue, Meatpacking District, Manhattan, New York County, New York, 10011, United States", "Neighborhood": "West Village", "Borough": "Manhattan", "Primary_Category": "Cafes and Desserts", "Emoji": "☕" }, "geometry": { "type": "Point", "coordinates": [ -74.0055542, 40.7403739 ] } },
{ "type": "Feature", "properties": { "URL": "https://www.google.com/maps/place/L%C3%80+L%C3%81+Bakeshop+NYC/data=!4m2!3m1!1s0x89c2598f5da33b99:0x78bc1984ccda48ed", "Title": "LÀ LÁ Bakeshop NYC", "Note": null, "Tags": null, "Comment": null, "Categories": "Cafes and Desserts", "Status": "visible", "Featured": "no", "Latitude": 40.7264609, "Longitude": -73.9894584, "Matched_Address": "LÀ LÁ Bakeshop, 73, 2nd Avenue, East Village, Manhattan Community Board 3, Manhattan, New York County, New York, 10003, United States", "Neighborhood": "East Village", "Borough": "Manhattan", "Primary_Category": "Cafes and Desserts", "Emoji": "☕" }, "geometry": { "type": "Point", "coordinates": [ -73.9894584, 40.7264609 ] } },
{ "type": "Feature", "properties": { "URL": "https://www.google.com/maps/place/L'Appartement+4F/data=!4m2!3m1!1s0x89c25b1e544715ff:0xae908e91a693945d", "Title": "L'Appartement 4F", "Note": null, "Tags": null, "Comment": null, "Categories": "Cafes and Desserts", "Status": "visible", "Featured": "no", "Latitude": 40.7348143, "Longitude": -73.9997874, "Matched_Address": "L’Appartement 4F, 119, West 10th Street, Greenwich Village, Manhattan, New York County, New York, 10011, United States", "Neighborhood": "West Village", "Borough": "Manhattan", "Primary_Category": "Cafes and Desserts", "Emoji": "☕" }, "geometry": { "type": "Point", "coordinates": [ -73.9997874, 40.7348143 ] } },
{ "type": "Feature", "properties": { "URL": "https://www.google.com/maps/place/L'Industrie+Pizzeria/data=!4m2!3m1!1s0x89c25be02249e843:0x95c3f90fbb6a4745", "Title": "L'Industrie Pizzeria", "Note": "Burrata Pizza hype", "Tags": null, "Comment": null, "Categories": "Restaurants and Food", "Status": "visible", "Featured": "no", "Latitude": 40.7115764, "Longitude": -73.9578034, "Matched_Address": "L’industrie pizzeria, 254, South 2nd Street, Williamsburg, Brooklyn, Kings County, New York, 11211, United States", "Neighborhood": "Williamsburg", "Borough": "Brooklyn", "Primary_Category": "Restaurants and Food", "Emoji": "🍴" }, "geometry": { "type": "Point", "coordinates": [ -73.9578034, 40.7115764 ] } },
{ "type": "Feature", "properties": { "URL": "https://www.google.com/maps/place/L'imprimerie/data=!4m2!3m1!1s0x89c25c189ecc32af:0x426da8f7fe953aee", "Title": "L'imprimerie", "Note": "Croissant", "Tags": null, "Comment": null, "Categories": "Cafes and Desserts", "Status": "visible", "Featured": "no", "Latitude": 40.6992617, "Longitude": -73.9128696, "Matched_Address": "L'imprimerie, 1524, Myrtle Avenue, Bushwick, Brooklyn, Kings County, New York, 11237, United States", "Neighborhood": "Bushwick (East)", "Borough": "Brooklyn", "Primary_Category": "Cafes and Desserts", "Emoji": "☕" }, "geometry": { "type": "Point", "coordinates": [ -73.9128696, 40.6992617 ] } },
{ "type": "Feature", "properties": { "URL": "https://www.google.com/maps/place/L+Train+Vintage/data=!4m2!3m1!1s0x89c2599dfede7e91:0x8769b6b9986b4b3a", "Title": "L Train Vintage", "Note": null, "Tags": null, "Comment": null, "Categories": "Things", "Status": "visible", "Featured": "no", "Latitude": 40.6902684, "Longitude": -73.9230643, "Matched_Address": "L Train Vintage, Broadway, Brooklyn, Kings County, New York, 11207, United States", "Neighborhood": "Bushwick (East)", "Borough": "Brooklyn", "Primary_Category": "Things", "Emoji": "✨" }, "geometry": { "type": "Point", "coordinates": [ -73.9230643, 40.6902684 ] } },
{ "type": "Feature", "properties": { "URL": "https://www.google.com/maps/place/L+Train+Vintage/data=!4m2!3m1!1s0x89c25c052dcba4c5:0xab86536660f4241d", "Title": "L Train Vintage", "Note": null, "Tags": null, "Comment": null, "Categories": "Things", "Status": "visible", "Featured": "no", "Latitude": 40.6902684, "Longitude": -73.9230643, "Matched_Address": "L Train Vintage, Broadway, Brooklyn, Kings County, New York, 11207, United States", "Neighborhood": "Bushwick (East)", "Borough": "Brooklyn", "Primary_Category": "Things", "Emoji": "✨" }, "geometry": { "type": "Point", "coordinates": [ -73.9230643, 40.6902684 ] } },
{ "type": "Feature", "properties": { "URL": "https://www.google.com/maps/place/LOS+TACOS+No.1/data=!4m2!3m1!1s0x89c25b5ac3fc353f:0xfe04b102174ebfc0", "Title": "LOS TACOS No.1", "Note": "NOPAL tacos yum", "Tags": null, "Comment": null, "Categories": "Restaurants and Food", "Status": "visible", "Featured": "no", "Latitude": 40.7143494, "Longitude": -74.0086532, "Matched_Address": "Los Tacos No. 1, Warren Street, Tribeca, Lower Manhattan, Manhattan, New York County, New York, 10007, United States", "Neighborhood": "Tribeca-Civic Center", "Borough": "Manhattan", "Primary_Category": "Restaurants and Food", "Emoji": "🍴" }, "geometry": { "type": "Point", "coordinates": [ -74.0086532, 40.7143494 ] } },
{ "type": "Feature", "properties": { "URL": "https://www.google.com/maps/place/La+Caverna/data=!4m2!3m1!1s0x89c2598114ca3ddb:0xb3305101175bbca4", "Title": "La Caverna", "Note": null, "Tags": null, "Comment": null, "Categories": "Bars", "Status": "visible", "Featured": "no", "Latitude": 40.7198122, "Longitude": -73.9871697, "Matched_Address": "La Caverna, 122, Rivington Street, Lower East Side, Manhattan Community Board 3, Manhattan, New York County, New York, 10002, United States", "Neighborhood": "Lower East Side", "Borough": "Manhattan", "Primary_Category": "Bars", "Emoji": "🍷" }, "geometry": { "type": "Point", "coordinates": [ -73.9871697, 40.7198122 ] } },
{ "type": "Feature", "properties": { "URL": "https://www.google.com/maps/place/Lafayette+Grand+Caf%C3%A9+%26+Bakery/data=!4m2!3m1!1s0x89c2599ab7535b05:0xaf99878a75a0c0e3", "Title": "Lafayette Grand Café & Bakery", "Note": null, "Tags": null, "Comment": null, "Categories": "Cafes and Desserts", "Status": "visible", "Featured": "no", "Latitude": 40.7275742, "Longitude": -73.993705, "Matched_Address": "Lafayette Grand Café & Bakery, 380, Great Jones Street, NoHo, Manhattan, New York County, New York, 10012, United States", "Neighborhood": "Greenwich Village", "Borough": "Manhattan", "Primary_Category": "Cafes and Desserts", "Emoji": "☕" }, "geometry": { "type": "Point", "coordinates": [ -73.993705, 40.7275742 ] } },
{ "type": "Feature", "properties": { "URL": "https://www.google.com/maps/place/Le+Dive/data=!4m2!3m1!1s0x89c25b44d3d085a3:0xced6a4583d9f6aa2", "Title": "Le Dive", "Note": null, "Tags": null, "Comment": null, "Categories": "Restaurants and Food", "Status": "visible", "Featured": "no", "Latitude": 40.7147362, "Longitude": -73.9909568, "Matched_Address": "Le Dive, 37, Canal Street, Two Bridges, Manhattan Community Board 3, Manhattan, New York County, New York, 10002, United States", "Neighborhood": "Chinatown-Two Bridges", "Borough": "Manhattan", "Primary_Category": "Restaurants and Food", "Emoji": "🍴" }, "geometry": { "type": "Point", "coordinates": [ -73.9909568, 40.7147362 ] } },
{ "type": "Feature", "properties": { "URL": "https://www.google.com/maps/place/Le+Fournil/data=!4m2!3m1!1s0x89c259f898b2dbdb:0x3c827f6a915b12d6", "Title": "Le Fournil", "Note": "Croissant", "Tags": null, "Comment": null, "Categories": "Cafes and Desserts", "Status": "visible", "Featured": "no", "Latitude": 40.7279109, "Longitude": -73.9884166, "Matched_Address": "Boulangerie Le Fournil, East 7th Street, East Village, Manhattan Community Board 3, Manhattan, New York County, New York, 10003, United States", "Neighborhood": "East Village", "Borough": "Manhattan", "Primary_Category": "Cafes and Desserts", "Emoji": "☕" }, "geometry": { "type": "Point", "coordinates": [ -73.9884166, 40.7279109 ] } },
{ "type": "Feature", "properties": { "URL": "https://www.google.com/maps/place/Le+Soleil/data=!4m2!3m1!1s0x89c2585a258405fd:0x837110b41c89c5da", "Title": "Le Soleil", "Note": null, "Tags": null, "Comment": null, "Categories": "Restaurants and Food", "Status": "visible", "Featured": "no", "Latitude": 40.7686023, "Longitude": -73.988717, "Matched_Address": "Le Soleil, 858, 10th Avenue, Hell's Kitchen, Manhattan Community Board 4, Manhattan, New York County, New York, 10019, United States", "Neighborhood": "Hell's Kitchen", "Borough": "Manhattan", "Primary_Category": "Restaurants and Food", "Emoji": "🍴" }, "geometry": { "type": "Point", "coordinates": [ -73.988717, 40.7686023 ] } },
{ "type": "Feature", "properties": { "URL": "https://www.google.com/maps/place/Lexington+Candy+Shop/data=!4m2!3m1!1s0x89c258bdb79851fb:0x5e54203c8080f784", "Title": "Lexington Candy Shop", "Note": "Old timey coke from scratch", "Tags": null, "Comment": null, "Categories": "Cafes and Desserts", "Status": "visible", "Featured": "no", "Latitude": 40.7775102, "Longitude": -73.9572158, "Matched_Address": "Lexington Candy Shop, 1226, Lexington Avenue, Upper East Side, Manhattan Community Board 8, Manhattan, New York County, New York, 10028, United States", "Neighborhood": "Upper East Side-Carnegie Hill", "Borough": "Manhattan", "Primary_Category": "Cafes and Desserts", "Emoji": "☕" }, "geometry": { "type": "Point", "coordinates": [ -73.9572158, 40.7775102 ] } },
{ "type": "Feature", "properties": { "URL": "https://www.google.com/maps/place/Lhasa+Fast+Food/data=!4m2!3m1!1s0x89c25f06d625dbef:0x2ff0249e7d021ac4", "Title": "Lhasa Fast Food", "Note": null, "Tags": null, "Comment": null, "Categories": "Restaurants and Food", "Status": "visible", "Featured": "no", "Latitude": 40.7493019, "Longitude": -73.8897095, "Matched_Address": "Lhasa Fast Food, 76-03, 37th Avenue, Queens, Queens County, New York, 11372, United States", "Neighborhood": "Jackson Heights", "Borough": "Queens", "Primary_Category": "Restaurants and Food", "Emoji": "🍴" }, "geometry": { "type": "Point", "coordinates": [ -73.8897095, 40.7493019 ] } },
{ "type": "Feature", "properties": { "URL": "https://www.google.com/maps/place/Lhasa/data=!4m2!3m1!1s0x89c2594f8f9984e3:0x54fd1d41e88d87a8", "Title": "Lhasa", "Note": "Haven’t tried", "Tags": null, "Comment": null, "Categories": "Restaurants and Food", "Status": "visible", "Featured": "no", "Latitude": 40.7493019, "Longitude": -73.8897095, "Matched_Address": "Lhasa Fast Food, 76-03, 37th Avenue, Queens, Queens County, New York, 11372, United States", "Neighborhood": "Jackson Heights", "Borough": "Queens", "Primary_Category": "Restaurants and Food", "Emoji": "🍴" }, "geometry": { "type": "Point", "coordinates": [ -73.8897095, 40.7493019 ] } },
{ "type": "Feature", "properties": { "URL": "https://www.google.com/maps/place/Little+Flower+Cafe/data=!4m2!3m1!1s0x89c25f0cac92f1b3:0x9c73a6306cc776ad", "Title": "Little Flower Cafe", "Note": null, "Tags": null, "Comment": null, "Categories": "Cafes and Desserts", "Status": "visible", "Featured": "no", "Latitude": 40.7578849, "Longitude": -73.9321866, "Matched_Address": "Little Flower Cafe, 25-35, 36th Avenue, Ravenswood, Queens, Queens County, New York, 11106, United States", "Neighborhood": "Queensbridge-Ravenswood-Dutch Kills", "Borough": "Queens", "Primary_Category": "Cafes and Desserts", "Emoji": "☕" }, "geometry": { "type": "Point", "coordinates": [ -73.9321866, 40.7578849 ] } },
{ "type": "Feature", "properties": { "URL": "https://www.google.com/maps/place/Little+Morocco/data=!4m2!3m1!1s0x89c25f6a6eee5f31:0xa29f9fa04fa2ffdc", "Title": "Little Morocco", "Note": null, "Tags": null, "Comment": null, "Categories": "Restaurants and Food", "Status": "visible", "Featured": "no", "Latitude": 40.7679918, "Longitude": -73.9114597, "Matched_Address": "Little Morocco Mediterranean Cuisine, 24-39, Steinway Street, Queens, Queens County, New York, 11103, United States", "Neighborhood": "Astoria (East)-Woodside (North)", "Borough": "Queens", "Primary_Category": "Restaurants and Food", "Emoji": "🍴" }, "geometry": { "type": "Point", "coordinates": [ -73.9114597, 40.7679918 ] } },
{ "type": "Feature", "properties": { "URL": "https://www.google.com/maps/place/Lucille+Lortel+Theatre/data=!4m2!3m1!1s0x89c259935ec4419b:0x1aa8497e9faceaf3", "Title": "Lucille Lortel Theatre", "Note": null, "Tags": null, "Comment": null, "Categories": "Things", "Status": "visible", "Featured": "no", "Latitude": 40.7333618, "Longitude": -74.0057425, "Matched_Address": "Lucille Lortel Theatre, 121, Christopher Street, West Village, Manhattan, New York County, New York, 10014, United States", "Neighborhood": "West Village", "Borough": "Manhattan", "Primary_Category": "Things", "Emoji": "✨" }, "geometry": { "type": "Point", "coordinates": [ -74.0057425, 40.7333618 ] } },
{ "type": "Feature", "properties": { "URL": "https://www.google.com/maps/place/LumLum/data=!4m2!3m1!1s0x89c25916ef560c79:0xdc6aa043aeab7d87", "Title": "LumLum", "Note": null, "Tags": null, "Comment": null, "Categories": "Restaurants and Food", "Status": "visible", "Featured": "no", "Latitude": 40.7629585, "Longitude": -73.989893, "Matched_Address": "LumLum, 404, West 49th Street, Hell's Kitchen, Manhattan Community Board 4, Manhattan, New York County, New York, 10036, United States", "Neighborhood": "Hell's Kitchen", "Borough": "Manhattan", "Primary_Category": "Restaurants and Food", "Emoji": "🍴" }, "geometry": { "type": "Point", "coordinates": [ -73.989893, 40.7629585 ] } },
{ "type": "Feature", "properties": { "URL": "https://www.google.com/maps/place/Lun%C3%80tico/data=!4m2!3m1!1s0x89c25c760d792111:0xf63153fb88862757", "Title": "LunÀtico", "Note": null, "Tags": null, "Comment": null, "Categories": "Jazz", "Status": "visible", "Featured": "no", "Latitude": 40.6834279, "Longitude": -73.9346897, "Matched_Address": "Bar LunAtico, 486, Halsey Street, Brooklyn, Kings County, New York, 11233, United States", "Neighborhood": "Bedford-Stuyvesant (East)", "Borough": "Brooklyn", "Primary_Category": "Jazz", "Emoji": "🎷" }, "geometry": { "type": "Point", "coordinates": [ -73.9346897, 40.6834279 ] } },
{ "type": "Feature", "properties": { "URL": "https://www.google.com/maps/place/MANHATTAN/data=!4m2!3m1!1s0x89c2588f046ee661:0xa0b3281fcecc08c", "Title": "MANHATTAN", "Note": null, "Tags": null, "Comment": null, "Categories": "Restaurants and Food", "Status": "visible", "Featured": "no", "Latitude": 40.7579554, "Longitude": -73.9855319, "Matched_Address": "Manhattan, New York County, New York, United States", "Neighborhood": "Midtown-Times Square", "Borough": "Manhattan", "Primary_Category": "Restaurants and Food", "Emoji": "🍴" }, "geometry": { "type": "Point", "coordinates": [ -73.9855319, 40.7579554 ] } },
{ "type": "Feature", "properties": { "URL": "https://www.google.com/maps/place/MUD/data=!4m2!3m1!1s0x89c2599c4ff1f0ff:0xe1f790091842c4b8", "Title": "MUD", "Note": null, "Tags": null, "Comment": null, "Categories": "Cafes and Desserts", "Status": "visible", "Featured": "no", "Latitude": 40.7290442, "Longitude": -73.9866462, "Matched_Address": "MUD, 307, East 9th Street, East Village, Manhattan Community Board 3, Manhattan, New York County, New York, 10003, United States", "Neighborhood": "East Village", "Borough": "Manhattan", "Primary_Category": "Cafes and Desserts", "Emoji": "☕" }, "geometry": { "type": "Point", "coordinates": [ -73.9866462, 40.7290442 ] } },
{ "type": "Feature", "properties": { "URL": "https://www.google.com/maps/place/Madman+Espresso/data=!4m2!3m1!1s0x89c25999e574359f:0xae2310def8b19bb2", "Title": "Madman Espresso", "Note": null, "Tags": null, "Comment": null, "Categories": "Cafes and Desserts", "Status": "visible", "Featured": "no", "Latitude": 40.7525798, "Longitude": -73.9744452, "Matched_Address": "Madman Espresso, 141, East 44th Street, Tudor City, Manhattan Community Board 6, Manhattan, New York County, New York, 10017, United States", "Neighborhood": "East Midtown-Turtle Bay", "Borough": "Manhattan", "Primary_Category": "Cafes and Desserts", "Emoji": "☕" }, "geometry": { "type": "Point", "coordinates": [ -73.9744452, 40.7525798 ] } },
{ "type": "Feature", "properties": { "URL": "https://www.google.com/maps/place/Main+Street+Park/data=!4m2!3m1!1s0x89c25a319cd54e13:0xac9b6260f5f68f57", "Title": "Main Street Park", "Note": "Get food at timeout and eat it here", "Tags": null, "Comment": null, "Categories": "Things", "Status": "visible", "Featured": "no", "Latitude": 40.7044353, "Longitude": -73.9895463, "Matched_Address": "Main Street, Brooklyn, Kings County, New York, 11201, United States", "Neighborhood": "Downtown Brooklyn-DUMBO-Boerum Hill", "Borough": "Brooklyn", "Primary_Category": "Things", "Emoji": "✨" }, "geometry": { "type": "Point", "coordinates": [ -73.9895463, 40.7044353 ] } },
{ "type": "Feature", "properties": { "URL": "https://www.google.com/maps/place/Malai/data=!4m2!3m1!1s0x89c25bda1f0ecbad:0xd5d2564a64de5e25", "Title": "Malai", "Note": "Parle G soft serve", "Tags": null, "Comment": null, "Categories": "Cafes and Desserts", "Status": "visible", "Featured": "no", "Latitude": 40.7269036, "Longitude": -73.9876124, "Matched_Address": "Malai Marke, 318, East 6th Street, East Village, Manhattan Community Board 3, Manhattan, New York County, New York, 10003, United States", "Neighborhood": "East Village", "Borough": "Manhattan", "Primary_Category": "Cafes and Desserts", "Emoji": "☕" }, "geometry": { "type": "Point", "coordinates": [ -73.9876124, 40.7269036 ] } },
{ "type": "Feature", "properties": { "URL": "https://www.google.com/maps/place/Mamoun's+Falafel/data=!4m2!3m1!1s0x89c25991817682af:0xb8bb91865f939e8c", "Title": "Mamoun's Falafel", "Note": "P good", "Tags": null, "Comment": null, "Categories": "Restaurants and Food", "Status": "visible", "Featured": "no", "Latitude": 40.7288007, "Longitude": -73.9885054, "Matched_Address": "Mamoun's Falafel, 30, Saint Marks Place, East Village, Manhattan Community Board 3, Manhattan, New York County, New York, 10003, United States", "Neighborhood": "East Village", "Borough": "Manhattan", "Primary_Category": "Restaurants and Food", "Emoji": "🍴" }, "geometry": { "type": "Point", "coordinates": [ -73.9885054, 40.7288007 ] } },
{ "type": "Feature", "properties": { "URL": "https://www.google.com/maps/place/Marianne+Boesky+Gallery/data=!4m2!3m1!1s0x89c25981f60fdbfb:0x199a01e5afd7ff0d", "Title": "Marianne Boesky Gallery", "Note": null, "Tags": null, "Comment": null, "Categories": "Museum & things", "Status": "visible", "Featured": "no", "Latitude": 40.7486851, "Longitude": -74.004134, "Matched_Address": "Marianne Boesky Gallery, 507, West 24th Street, Chelsea District, Manhattan Community Board 4, Manhattan, New York County, New York, 10011, United States", "Neighborhood": "Chelsea-Hudson Yards", "Borough": "Manhattan", "Primary_Category": "Museum & things", "Emoji": "🏛️" }, "geometry": { "type": "Point", "coordinates": [ -74.004134, 40.7486851 ] } },
{ "type": "Feature", "properties": { "URL": "https://www.google.com/maps/place/Marie+Blach%C3%A8re+Bakery+%26+Caf%C3%A9/data=!4m2!3m1!1s0x89c259adb6595055:0x53ab54e6eb47c720", "Title": "Marie Blachère Bakery & Café", "Note": null, "Tags": null, "Comment": null, "Categories": "Cafes and Desserts", "Status": "visible", "Featured": "no", "Latitude": 40.730645, "Longitude": -74.0019567, "Matched_Address": "Marie Blachère Bakery & Café, Carmine Street, University Village, Manhattan, New York County, New York, 10014, United States", "Neighborhood": "West Village", "Borough": "Manhattan", "Primary_Category": "Cafes and Desserts", "Emoji": "☕" }, "geometry": { "type": "Point", "coordinates": [ -74.0019567, 40.730645 ] } },
{ "type": "Feature", "properties": { "URL": "https://www.google.com/maps/place/Mary+O's+Irish+Soda+Bread+Shop/data=!4m2!3m1!1s0x89c25900583224a5:0x5a4f5e12a5d903a6", "Title": "Mary O's Irish Soda Bread Shop", "Note": "Scones", "Tags": null, "Comment": null, "Categories": "Cafes and Desserts", "Status": "visible", "Featured": "no", "Latitude": 40.7268816, "Longitude": -73.9852583, "Matched_Address": "Mary O’s Irish Soda Bread Shop, 93 1/2, East 7th Street, East Village, Manhattan Community Board 3, Manhattan, New York County, New York, 10009, United States", "Neighborhood": "East Village", "Borough": "Manhattan", "Primary_Category": "Cafes and Desserts", "Emoji": "☕" }, "geometry": { "type": "Point", "coordinates": [ -73.9852583, 40.7268816 ] } },
{ "type": "Feature", "properties": { "URL": "https://www.google.com/maps/place/Mast+Market/data=!4m2!3m1!1s0x89c259704709fd27:0x8e0d6819f645f418", "Title": "Mast Market", "Note": null, "Tags": null, "Comment": null, "Categories": "Cafes and Desserts", "Status": "visible", "Featured": "no", "Latitude": 40.7802867, "Longitude": -73.9764564, "Matched_Address": "Mast Market, 353, Columbus Avenue, Upper West Side, Manhattan Community Board 7, Manhattan, New York County, New York, 10023, United States", "Neighborhood": "Upper West Side (Central)", "Borough": "Manhattan", "Primary_Category": "Cafes and Desserts", "Emoji": "☕" }, "geometry": { "type": "Point", "coordinates": [ -73.9764564, 40.7802867 ] } },
{ "type": "Feature", "properties": { "URL": "https://www.google.com/maps/place/May+Kaidee/data=!4m2!3m1!1s0x89c25bd8048cb9b3:0x1eaddeb3d54d24af", "Title": "May Kaidee", "Note": null, "Tags": null, "Comment": null, "Categories": "Restaurants and Food", "Status": "visible", "Featured": "no", "Latitude": 40.7141554, "Longitude": -73.9874744, "Matched_Address": "May Kaidee, 215, East Broadway, Lower East Side, Manhattan Community Board 3, Manhattan, New York County, New York, 10002, United States", "Neighborhood": "Chinatown-Two Bridges", "Borough": "Manhattan", "Primary_Category": "Restaurants and Food", "Emoji": "🍴" }, "geometry": { "type": "Point", "coordinates": [ -73.9874744, 40.7141554 ] } },
{ "type": "Feature", "properties": { "URL": "https://www.google.com/maps/place/Metrograph/data=!4m2!3m1!1s0x89c25a29b0ecc1e7:0x56ae0ed254bafa79", "Title": "Metrograph", "Note": null, "Tags": null, "Comment": null, "Categories": "Museum & things", "Status": "visible", "Featured": "no", "Latitude": 40.7150975, "Longitude": -73.991025, "Matched_Address": "The Metrograph, 7, Ludlow Street, Lower East Side, Manhattan Community Board 3, Manhattan, New York County, New York, 10002, United States", "Neighborhood": "Chinatown-Two Bridges", "Borough": "Manhattan", "Primary_Category": "Museum & things", "Emoji": "🏛️" }, "geometry": { "type": "Point", "coordinates": [ -73.991025, 40.7150975 ] } },
{ "type": "Feature", "properties": { "URL": "https://www.google.com/maps/place/Mezzrow/data=!4m2!3m1!1s0x89c259943f298ccd:0x16481e6b05d4fc93", "Title": "Mezzrow", "Note": null, "Tags": null, "Comment": null, "Categories": "Jazz", "Status": "visible", "Featured": "no", "Latitude": 40.7345395, "Longitude": -74.0018374, "Matched_Address": "Mezzrow, 163, West 10th Street, West Village, Manhattan, New York County, New York, 10014, United States", "Neighborhood": "West Village", "Borough": "Manhattan", "Primary_Category": "Jazz", "Emoji": "🎷" }, "geometry": { "type": "Point", "coordinates": [ -74.0018374, 40.7345395 ] } },
{ "type": "Feature", "properties": { "URL": "https://www.google.com/maps/place/Mikes+Deli/data=!4m2!3m1!1s0x89c2f487597d8a2d:0x43fe4cd2074cac0b", "Title": "Mikes Deli", "Note": "Comes in Chefs Table Netflix, og deli", "Tags": null, "Comment": null, "Categories": "Restaurants and Food", "Status": "visible", "Featured": "no", "Latitude": 40.6323379, "Longitude": -74.0182539, "Matched_Address": "Mikes Deli, Bay Ridge Avenue, Bay Ridge, Brooklyn, Kings County, New York, 11220, United States", "Neighborhood": "Bay Ridge", "Borough": "Brooklyn", "Primary_Category": "Restaurants and Food", "Emoji": "🍴" }, "geometry": { "type": "Point", "coordinates": [ -74.0182539, 40.6323379 ] } },
{ "type": "Feature", "properties": { "URL": "https://www.google.com/maps/place/Mille-Feuille+Bakery/data=!4m2!3m1!1s0x89c25991b6a3384f:0x683e898a1887e798", "Title": "Mille-Feuille Bakery", "Note": null, "Tags": null, "Comment": null, "Categories": "Cafes and Desserts", "Status": "visible", "Featured": "no", "Latitude": 40.6775852, "Longitude": -73.9691008, "Matched_Address": "Mille-feuille, 622, Vanderbilt Avenue, Prospect Heights, Brooklyn, Kings County, New York, 11238, United States", "Neighborhood": "Prospect Heights", "Borough": "Brooklyn", "Primary_Category": "Cafes and Desserts", "Emoji": "☕" }, "geometry": { "type": "Point", "coordinates": [ -73.9691008, 40.6775852 ] } },
{ "type": "Feature", "properties": { "URL": "https://www.google.com/maps/place/Miolin+Bakery/data=!4m2!3m1!1s0x89c25b591ebf6cd1:0x75637af85d76db29", "Title": "Miolin Bakery", "Note": null, "Tags": null, "Comment": null, "Categories": "Cafes and Desserts", "Status": "visible", "Featured": "no", "Latitude": 40.6640517, "Longitude": -73.984144, "Matched_Address": "Miolin, 422, 7th Avenue, Park Slope, Brooklyn, Kings County, New York, 11215, United States", "Neighborhood": "Park Slope", "Borough": "Brooklyn", "Primary_Category": "Cafes and Desserts", "Emoji": "☕" }, "geometry": { "type": "Point", "coordinates": [ -73.984144, 40.6640517 ] } },
{ "type": "Feature", "properties": { "URL": "https://www.google.com/maps/place/Misi/data=!4m2!3m1!1s0x89c259fa53acb4c3:0x75e745e94a922113", "Title": "Misi", "Note": "ice creams", "Tags": null, "Comment": null, "Categories": "Cafes and Desserts", "Status": "visible", "Featured": "no", "Latitude": 40.7134037, "Longitude": -73.9672238, "Matched_Address": "Misi, 329, Kent Avenue, Brooklyn, Kings County, New York, 11249, United States", "Neighborhood": "Williamsburg", "Borough": "Brooklyn", "Primary_Category": "Cafes and Desserts", "Emoji": "☕" }, "geometry": { "type": "Point", "coordinates": [ -73.9672238, 40.7134037 ] } },
{ "type": "Feature", "properties": { "URL": "https://www.google.com/maps/place/Moka+%26+Co/data=!4m2!3m1!1s0x89c2594ace4b3e2d:0xab08668f424b8235", "Title": "Moka & Co", "Note": "Honeycomb bread", "Tags": null, "Comment": null, "Categories": "Cafes and Desserts", "Status": "visible", "Featured": "no", "Latitude": 40.6178298, "Longitude": -73.9596559, "Matched_Address": "Moka&Co, 1510, Elm Avenue, Midwood, Brooklyn, Kings County, New York, 11230, United States", "Neighborhood": "Midwood", "Borough": "Brooklyn", "Primary_Category": "Cafes and Desserts", "Emoji": "☕" }, "geometry": { "type": "Point", "coordinates": [ -73.9596559, 40.6178298 ] } },
{ "type": "Feature", "properties": { "URL": "https://www.google.com/maps/place/Monkey+Bar/data=!4m2!3m1!1s0x89c258fb1466d69b:0x58ecf24f96cc68e0", "Title": "Monkey Bar", "Note": null, "Tags": null, "Comment": null, "Categories": "Bars", "Status": "visible", "Featured": "no", "Latitude": 40.8549084, "Longitude": -73.9371187, "Matched_Address": "Monkey Room, 589, Fort Washington Avenue, Hudson Heights, Manhattan Community Board 12, Manhattan, New York County, New York, 10040, United States", "Neighborhood": "Washington Heights (North)", "Borough": "Manhattan", "Primary_Category": "Bars", "Emoji": "🍷" }, "geometry": { "type": "Point", "coordinates": [ -73.9371187, 40.8549084 ] } },
{ "type": "Feature", "properties": { "URL": "https://www.google.com/maps/place/Moustache+Pitza/data=!4m2!3m1!1s0x89c259933fa17e4d:0x58d6d03d3199242a", "Title": "Moustache Pitza", "Note": null, "Tags": null, "Comment": null, "Categories": "Restaurants and Food", "Status": "visible", "Featured": "no", "Latitude": 40.7306885, "Longitude": -74.0042533, "Matched_Address": "Moustache Pitza (Moustache), 29, 7th Avenue South, West Village, Manhattan, New York County, New York, 10014, United States", "Neighborhood": "West Village", "Borough": "Manhattan", "Primary_Category": "Restaurants and Food", "Emoji": "🍴" }, "geometry": { "type": "Point", "coordinates": [ -74.0042533, 40.7306885 ] } },
{ "type": "Feature", "properties": { "URL": "https://www.google.com/maps/place/Museum+of+the+Moving+Image/data=!4m2!3m1!1s0x89c25f2550f21f03:0x58db958504446c43", "Title": "Museum of the Moving Image", "Note": null, "Tags": null, "Comment": null, "Categories": "Museum & things", "Status": "visible", "Featured": "no", "Latitude": 40.7561949, "Longitude": -73.9240069, "Matched_Address": "Museum of the Moving Image, 35th Avenue, Queens, Queens County, New York, 11106, United States", "Neighborhood": "Astoria (Central)", "Borough": "Queens", "Primary_Category": "Museum & things", "Emoji": "🏛️" }, "geometry": { "type": "Point", "coordinates": [ -73.9240069, 40.7561949 ] } },
{ "type": "Feature", "properties": { "URL": "https://www.google.com/maps/place/NY+Dosas/data=!4m2!3m1!1s0x89c259f9f53903af:0x75b4e74edbd30265", "Title": "NY Dosas", "Note": "Og", "Tags": null, "Comment": null, "Categories": "Restaurants and Food", "Status": "visible", "Featured": "no", "Latitude": 40.7308778, "Longitude": -73.9988189, "Matched_Address": "NY Dosas, Washington Square South, Greenwich Village, Manhattan, New York County, New York, 10012, United States", "Neighborhood": "Greenwich Village", "Borough": "Manhattan", "Primary_Category": "Restaurants and Food", "Emoji": "🍴" }, "geometry": { "type": "Point", "coordinates": [ -73.9988189, 40.7308778 ] } },
{ "type": "Feature", "properties": { "URL": "https://www.google.com/maps/place/Native+Noodles/data=!4m2!3m1!1s0x89c2f7d5422a4c05:0x5b2c88d6ca9acdb9", "Title": "Native Noodles", "Note": null, "Tags": null, "Comment": null, "Categories": "Restaurants and Food", "Status": "visible", "Featured": "no", "Latitude": 40.8382618, "Longitude": -73.9378722, "Matched_Address": "Native Noodles, 2129, Amsterdam Avenue, Washington Heights, Manhattan Community Board 12, Manhattan, New York County, New York, 10032, United States", "Neighborhood": "Washington Heights (South)", "Borough": "Manhattan", "Primary_Category": "Restaurants and Food", "Emoji": "🍴" }, "geometry": { "type": "Point", "coordinates": [ -73.9378722, 40.8382618 ] } },
{ "type": "Feature", "properties": { "URL": "https://www.google.com/maps/place/Nepali+Bhanchha+Ghar/data=!4m2!3m1!1s0x89c25f072d864e77:0xc305f1aae5e6e942", "Title": "Nepali Bhanchha Ghar", "Note": "Jhol momo", "Tags": null, "Comment": null, "Categories": "Restaurants and Food", "Status": "visible", "Featured": "no", "Latitude": 40.7470294, "Longitude": -73.8908243, "Matched_Address": "Nepali Bhanchha Ghar, 74-15, Roosevelt Avenue, Queens, Queens County, New York, 11372, United States", "Neighborhood": "Jackson Heights", "Borough": "Queens", "Primary_Category": "Restaurants and Food", "Emoji": "🍴" }, "geometry": { "type": "Point", "coordinates": [ -73.8908243, 40.7470294 ] } },
{ "type": "Feature", "properties": { "URL": "https://www.google.com/maps/place/Nook/data=!4m2!3m1!1s0x89c25d3acd7b7ef5:0x56bfebe04aeed83d", "Title": "Nook", "Note": null, "Tags": null, "Comment": null, "Categories": "Cafes and Desserts", "Status": "visible", "Featured": "no", "Latitude": 40.7050225, "Longitude": -73.924656, "Matched_Address": "Nook, 45, Irving Avenue, Bushwick, Brooklyn, Kings County, New York, 11237, United States", "Neighborhood": "Bushwick (West)", "Borough": "Brooklyn", "Primary_Category": "Cafes and Desserts", "Emoji": "☕" }, "geometry": { "type": "Point", "coordinates": [ -73.924656, 40.7050225 ] } },
{ "type": "Feature", "properties": { "URL": "https://www.google.com/maps/place/Nowadays/data=!4m2!3m1!1s0x89c25c3aa3dee0fb:0x19510f7d1351751b", "Title": "Nowadays", "Note": null, "Tags": null, "Comment": null, "Categories": "Bars", "Status": "visible", "Featured": "no", "Latitude": 40.6928669, "Longitude": -73.9016974, "Matched_Address": "Nowadays, 56-06, Cooper Avenue, Ridgewood, Queens, Queens County, New York, 11385, United States", "Neighborhood": "Ridgewood", "Borough": "Queens", "Primary_Category": "Bars", "Emoji": "🍷" }, "geometry": { "type": "Point", "coordinates": [ -73.9016974, 40.6928669 ] } },
{ "type": "Feature", "properties": { "URL": "https://www.google.com/maps/place/OLIO+E+PI%C3%99/data=!4m2!3m1!1s0x89c25996bd0915fd:0x294a27aedc2f4135", "Title": "OLIO E PIÙ", "Note": "Never tried - supposed to be great", "Tags": null, "Comment": null, "Categories": "Restaurants and Food", "Status": "visible", "Featured": "no", "Latitude": 40.732773, "Longitude": -73.9877871, "Matched_Address": "Olio e Più, 106, East 13th Street, East Village, Manhattan Community Board 3, Manhattan, New York County, New York, 10003, United States", "Neighborhood": "East Village", "Borough": "Manhattan", "Primary_Category": "Restaurants and Food", "Emoji": "🍴" }, "geometry": { "type": "Point", "coordinates": [ -73.9877871, 40.732773 ] } },
{ "type": "Feature", "properties": { "URL": "https://www.google.com/maps/place/Ornithology+Jazz+Club/data=!4m2!3m1!1s0x89c25d6571cc2af1:0x4da411904990a202", "Title": "Ornithology Jazz Club", "Note": null, "Tags": null, "Comment": null, "Categories": "Bars | Jazz", "Status": "visible", "Featured": "no", "Latitude": 40.6955322, "Longitude": -73.9320225, "Matched_Address": "Ornithology Jazz Club, 6, Suydam Street, Bushwick, Brooklyn, Kings County, New York, 11221, United States", "Neighborhood": "Bushwick (West)", "Borough": "Brooklyn", "Primary_Category": "Bars", "Emoji": "🍷" }, "geometry": { "type": "Point", "coordinates": [ -73.9320225, 40.6955322 ] } },
{ "type": "Feature", "properties": { "URL": "https://www.google.com/maps/place/Oslo+Coffee+Roasters/data=!4m2!3m1!1s0x89c259b7c929a603:0xc25addb9d61160ec", "Title": "Oslo Coffee Roasters", "Note": null, "Tags": null, "Comment": null, "Categories": "Cafes and Desserts", "Status": "visible", "Featured": "no", "Latitude": 40.7337757, "Longitude": -74.0054727, "Matched_Address": "Oslo Coffee Roasters, West 10th Street, West Village, Manhattan, New York County, New York, 10014, United States", "Neighborhood": "West Village", "Borough": "Manhattan", "Primary_Category": "Cafes and Desserts", "Emoji": "☕" }, "geometry": { "type": "Point", "coordinates": [ -74.0054727, 40.7337757 ] } },
{ "type": "Feature", "properties": { "URL": "https://www.google.com/maps/place/Otway+Bakery/data=!4m2!3m1!1s0x89c25b7928e9fa6d:0x28d17141ebc31bf3", "Title": "Otway Bakery", "Note": null, "Tags": null, "Comment": null, "Categories": "Cafes and Desserts", "Status": "visible", "Featured": "no", "Latitude": 40.6827643, "Longitude": -73.9641104, "Matched_Address": "Otway Bakery, 920A, Fulton Street, Brooklyn, Kings County, New York, 11238, United States", "Neighborhood": "Clinton Hill", "Borough": "Brooklyn", "Primary_Category": "Cafes and Desserts", "Emoji": "☕" }, "geometry": { "type": "Point", "coordinates": [ -73.9641104, 40.6827643 ] } },
{ "type": "Feature", "properties": { "URL": "https://www.google.com/maps/place/Pace+Gallery/data=!4m2!3m1!1s0x89c259b795348d35:0x5c6027717aad76f3", "Title": "Pace Gallery", "Note": "Free", "Tags": null, "Comment": null, "Categories": "Museum & things", "Status": "visible", "Featured": "no", "Latitude": 40.7495759, "Longitude": -74.0049685, "Matched_Address": "Pace Gallery, 540, West 25th Street, Chelsea District, Manhattan Community Board 4, Manhattan, New York County, New York, 10001, United States", "Neighborhood": "Chelsea-Hudson Yards", "Borough": "Manhattan", "Primary_Category": "Museum & things", "Emoji": "🏛️" }, "geometry": { "type": "Point", "coordinates": [ -74.0049685, 40.7495759 ] } },
{ "type": "Feature", "properties": { "URL": "https://www.google.com/maps/place/Pasta+Louise+Cafe/data=!4m2!3m1!1s0x89c25bd1528a3d51:0xafae76010f465eaa", "Title": "Pasta Louise Cafe", "Note": null, "Tags": null, "Comment": null, "Categories": "Cafes and Desserts", "Status": "visible", "Featured": "no", "Latitude": 40.6661931, "Longitude": -73.9786401, "Matched_Address": "Pasta Louise Cafe, 803, 8th Avenue, Park Slope, Brooklyn, Kings County, New York, 11215, United States", "Neighborhood": "Park Slope", "Borough": "Brooklyn", "Primary_Category": "Cafes and Desserts", "Emoji": "☕" }, "geometry": { "type": "Point", "coordinates": [ -73.9786401, 40.6661931 ] } },
{ "type": "Feature", "properties": { "URL": "https://www.google.com/maps/place/Pasta+de+Pasta/data=!4m2!3m1!1s0x89c259c7eedacb75:0x947f2c7c1114d922", "Title": "Pasta de Pasta", "Note": null, "Tags": null, "Comment": null, "Categories": "Restaurants and Food", "Status": "visible", "Featured": "no", "Latitude": 40.7297307, "Longitude": -73.9835233, "Matched_Address": "Pasta de Pasta, 192, 1st Avenue, East Village, Manhattan Community Board 3, Manhattan, New York County, New York, 10009, United States", "Neighborhood": "East Village", "Borough": "Manhattan", "Primary_Category": "Restaurants and Food", "Emoji": "🍴" }, "geometry": { "type": "Point", "coordinates": [ -73.9835233, 40.7297307 ] } },
{ "type": "Feature", "properties": { "URL": "https://www.google.com/maps/place/Pause+Cafe/data=!4m2!3m1!1s0x89c259821a1f0cc7:0xe894e9a401304676", "Title": "Pause Cafe", "Note": null, "Tags": null, "Comment": null, "Categories": "Cafes and Desserts", "Status": "visible", "Featured": "no", "Latitude": 40.7212256, "Longitude": -73.984094, "Matched_Address": "Pause Cafe, 3, Clinton Street, Lower East Side, Manhattan Community Board 3, Manhattan, New York County, New York, 10002, United States", "Neighborhood": "Lower East Side", "Borough": "Manhattan", "Primary_Category": "Cafes and Desserts", "Emoji": "☕" }, "geometry": { "type": "Point", "coordinates": [ -73.984094, 40.7212256 ] } },
{ "type": "Feature", "properties": { "URL": "https://www.google.com/maps/place/Penny/data=!4m2!3m1!1s0x89c259fed4aa0623:0xcc49c3a759b86198", "Title": "Penny", "Note": "Ice cream sandwich!!!", "Tags": null, "Comment": null, "Categories": "Restaurants and Food", "Status": "visible", "Featured": "no", "Latitude": 40.7308231, "Longitude": -73.989714, "Matched_Address": "Penny, 90, East 10th Street, East Village, Manhattan Community Board 3, Manhattan, New York County, New York, 10003, United States", "Neighborhood": "East Village", "Borough": "Manhattan", "Primary_Category": "Restaurants and Food", "Emoji": "🍴" }, "geometry": { "type": "Point", "coordinates": [ -73.989714, 40.7308231 ] } },
{ "type": "Feature", "properties": { "URL": "https://www.google.com/maps/place/Peter+Pan+Donut+%26+Pastry+Shop/data=!4m2!3m1!1s0x89c259441e231f7d:0x53866a30cd645982", "Title": "Peter Pan Donut & Pastry Shop", "Note": null, "Tags": null, "Comment": null, "Categories": "Cafes and Desserts", "Status": "visible", "Featured": "no", "Latitude": 40.7260665, "Longitude": -73.9522298, "Matched_Address": "Peter Pan Donut & Pastry Shop, 727, Manhattan Avenue, Greenpoint, Brooklyn, Kings County, New York, 11222, United States", "Neighborhood": "Greenpoint", "Borough": "Brooklyn", "Primary_Category": "Cafes and Desserts", "Emoji": "☕" }, "geometry": { "type": "Point", "coordinates": [ -73.9522298, 40.7260665 ] } },
{ "type": "Feature", "properties": { "URL": "https://www.google.com/maps/place/Philip+Williams+Posters/data=!4m2!3m1!1s0x89c25a1f25765fed:0x61fe065174e2fede", "Title": "Philip Williams Posters", "Note": null, "Tags": null, "Comment": null, "Categories": "Things", "Status": "visible", "Featured": "no", "Latitude": 40.7149888, "Longitude": -74.0089092, "Matched_Address": "Philip Williams Posters, 122, Chambers Street, Tribeca, Lower Manhattan, Manhattan, New York County, New York, 10007, United States", "Neighborhood": "Tribeca-Civic Center", "Borough": "Manhattan", "Primary_Category": "Things", "Emoji": "✨" }, "geometry": { "type": "Point", "coordinates": [ -74.0089092, 40.7149888 ] } },
{ "type": "Feature", "properties": { "URL": "https://www.google.com/maps/place/Pianos/data=!4m2!3m1!1s0x89c259815f49ec3f:0x72a9103227903ccb", "Title": "Pianos", "Note": null, "Tags": null, "Comment": null, "Categories": "Bars", "Status": "visible", "Featured": "no", "Latitude": 40.766559, "Longitude": -73.9801214, "Matched_Address": "Faust Harrison Pianos, 207, West 58th Street, Manhattan Community Board 5, Manhattan, New York County, New York, 10019, United States", "Neighborhood": "Midtown-Times Square", "Borough": "Manhattan", "Primary_Category": "Bars", "Emoji": "🍷" }, "geometry": { "type": "Point", "coordinates": [ -73.9801214, 40.766559 ] } },
{ "type": "Feature", "properties": { "URL": "https://www.google.com/maps/place/Pillow-Cat+Books/data=!4m2!3m1!1s0x89c259ecd980354d:0x2e04f0f8c28c7c4a", "Title": "Pillow-Cat Books", "Note": null, "Tags": null, "Comment": null, "Categories": "Bookstores", "Status": "visible", "Featured": "no", "Latitude": 40.7286319, "Longitude": -73.986176, "Matched_Address": "Pillow-Cat Books, 328, East 9th Street, East Village, Manhattan Community Board 3, Manhattan, New York County, New York, 10003, United States", "Neighborhood": "East Village", "Borough": "Manhattan", "Primary_Category": "Bookstores", "Emoji": "📚" }, "geometry": { "type": "Point", "coordinates": [ -73.986176, 40.7286319 ] } },
{ "type": "Feature", "properties": { "URL": "https://www.google.com/maps/place/Plant-Blossom/data=!4m2!3m1!1s0x89c25955329cbfb9:0x61d381a948627c78", "Title": "Plant-Blossom", "Note": null, "Tags": null, "Comment": null, "Categories": "Restaurants and Food", "Status": "visible", "Featured": "no", "Latitude": 40.7694706, "Longitude": -73.9885357, "Matched_Address": "Plant Blossom, 881, 10th Avenue, Clinton, Manhattan Community Board 4, Manhattan, New York County, New York, 10019, United States", "Neighborhood": "Hell's Kitchen", "Borough": "Manhattan", "Primary_Category": "Restaurants and Food", "Emoji": "🍴" }, "geometry": { "type": "Point", "coordinates": [ -73.9885357, 40.7694706 ] } },
{ "type": "Feature", "properties": { "URL": "https://www.google.com/maps/place/Please+Don't+Tell/data=!4m2!3m1!1s0x89c2599d65feae6f:0x9d16a571af581047", "Title": "Please Don't Tell", "Note": null, "Tags": null, "Comment": null, "Categories": "Bars", "Status": "visible", "Featured": "no", "Latitude": 40.7271211, "Longitude": -73.983769, "Matched_Address": "Please Don't Tell, 113, Saint Marks Place, East Village, Manhattan Community Board 3, Manhattan, New York County, New York, 10009, United States", "Neighborhood": "East Village", "Borough": "Manhattan", "Primary_Category": "Bars", "Emoji": "🍷" }, "geometry": { "type": "Point", "coordinates": [ -73.983769, 40.7271211 ] } },
{ "type": "Feature", "properties": { "URL": "https://www.google.com/maps/place/Poster+House/data=!4m2!3m1!1s0x89c259a4c2ad48e9:0x8746bc38b944bd9", "Title": "Poster House", "Note": null, "Tags": null, "Comment": null, "Categories": "Museum & things", "Status": "visible", "Featured": "no", "Latitude": 40.7435881, "Longitude": -73.9933365, "Matched_Address": "Poster House, 119, West 23rd Street, Chelsea District, Manhattan Community Board 4, Manhattan, New York County, New York, 10011, United States", "Neighborhood": "Chelsea-Hudson Yards", "Borough": "Manhattan", "Primary_Category": "Museum & things", "Emoji": "🏛️" }, "geometry": { "type": "Point", "coordinates": [ -73.9933365, 40.7435881 ] } },
{ "type": "Feature", "properties": { "URL": "https://www.google.com/maps/place/Pro+Image+Photo/data=!4m2!3m1!1s0x89c258829fbcc14b:0x5bce7fcd104ff84d", "Title": "Pro Image Photo", "Note": null, "Tags": null, "Comment": null, "Categories": "Things", "Status": "visible", "Featured": "no", "Latitude": 40.7796841, "Longitude": -73.9806078, "Matched_Address": "Pro Image Photo, Amsterdam Avenue, Upper West Side, Manhattan Community Board 7, Manhattan, New York County, New York, 10023, United States", "Neighborhood": "Upper West Side-Lincoln Square", "Borough": "Manhattan", "Primary_Category": "Things", "Emoji": "✨" }, "geometry": { "type": "Point", "coordinates": [ -73.9806078, 40.7796841 ] } },
{ "type": "Feature", "properties": { "URL": "https://www.google.com/maps/place/Public+Records/data=!4m2!3m1!1s0x89c25ba1b892bd29:0xfb7fedf54f42e4c8", "Title": "Public Records", "Note": null, "Tags": null, "Comment": null, "Categories": "Bars | Restaurants and Food", "Status": "visible", "Featured": "no", "Latitude": 40.6821013, "Longitude": -73.9865223, "Matched_Address": "Public Records, 233, Butler Street, Gowanus, Brooklyn, Kings County, New York, 11217, United States", "Neighborhood": "Carroll Gardens-Cobble Hill-Gowanus-Red Hook", "Borough": "Brooklyn", "Primary_Category": "Bars", "Emoji": "🍷" }, "geometry": { "type": "Point", "coordinates": [ -73.9865223, 40.6821013 ] } },
{ "type": "Feature", "properties": { "URL": "https://www.google.com/maps/place/Qahwah+House+W+Village/data=!4m2!3m1!1s0x89c2592281da7965:0x128fc3868f2675a", "Title": "Qahwah House W Village", "Note": "Cheesebread HYPE", "Tags": null, "Comment": null, "Categories": "Cafes and Desserts", "Status": "visible", "Featured": "no", "Latitude": 40.7305162, "Longitude": -74.0023398, "Matched_Address": "Qahwah House, 13, Carmine Street, University Village, Manhattan, New York County, New York, 10014, United States", "Neighborhood": "West Village", "Borough": "Manhattan", "Primary_Category": "Cafes and Desserts", "Emoji": "☕" }, "geometry": { "type": "Point", "coordinates": [ -74.0023398, 40.7305162 ] } },
{ "type": "Feature", "properties": { "URL": "https://www.google.com/maps/place/Qahwah+House/data=!4m2!3m1!1s0x89c25953721fc19d:0x185b29b3e7559d6e", "Title": "Qahwah House", "Note": "Cheesebread HYPE", "Tags": null, "Comment": null, "Categories": "Cafes and Desserts", "Status": "visible", "Featured": "no", "Latitude": 40.8052243, "Longitude": -73.966289, "Matched_Address": "Qahwah House, 2869, Broadway, Manhattan Community Board 9, Manhattan, New York County, New York, 10025, United States", "Neighborhood": "Morningside Heights", "Borough": "Manhattan", "Primary_Category": "Cafes and Desserts", "Emoji": "☕" }, "geometry": { "type": "Point", "coordinates": [ -73.966289, 40.8052243 ] } },
{ "type": "Feature", "properties": { "URL": "https://www.google.com/maps/place/Quad+Cinema/data=!4m2!3m1!1s0x89c259732dd9d319:0xa613e97fc4743d9c", "Title": "Quad Cinema", "Note": null, "Tags": null, "Comment": null, "Categories": "Things", "Status": "visible", "Featured": "no", "Latitude": 40.7359607, "Longitude": -73.9959654, "Matched_Address": "Quad Cinema, 34, West 13th Street, Union Square, Manhattan, New York County, New York, 10011, United States", "Neighborhood": "Greenwich Village", "Borough": "Manhattan", "Primary_Category": "Things", "Emoji": "✨" }, "geometry": { "type": "Point", "coordinates": [ -73.9959654, 40.7359607 ] } },
{ "type": "Feature", "properties": { "URL": "https://www.google.com/maps/place/Radio+Bakery/data=!4m2!3m1!1s0x89c259f7069ad989:0x7eadffe63191e6a5", "Title": "Radio Bakery", "Note": "Croissant", "Tags": null, "Comment": null, "Categories": "Cafes and Desserts", "Status": "visible", "Featured": "no", "Latitude": 40.6749934, "Longitude": -73.9668916, "Matched_Address": "Radio Bakery, 186, Underhill Avenue, Prospect Heights, Brooklyn, Kings County, New York, 11238, United States", "Neighborhood": "Prospect Heights", "Borough": "Brooklyn", "Primary_Category": "Cafes and Desserts", "Emoji": "☕" }, "geometry": { "type": "Point", "coordinates": [ -73.9668916, 40.6749934 ] } },
{ "type": "Feature", "properties": { "URL": "https://www.google.com/maps/place/Renew+Day+Spa/data=!4m2!3m1!1s0x89c25a27b094b883:0x992e353a8f0a4290", "Title": "Renew Day Spa", "Note": "Good massage", "Tags": null, "Comment": null, "Categories": "Things", "Status": "visible", "Featured": "no", "Latitude": 40.716883, "Longitude": -73.9959137, "Matched_Address": "Renew Day Spa II, Bowery, Manhattan Community Board 3, Manhattan, New York County, New York, 10002, United States", "Neighborhood": "SoHo-Little Italy-Hudson Square", "Borough": "Manhattan", "Primary_Category": "Things", "Emoji": "✨" }, "geometry": { "type": "Point", "coordinates": [ -73.9959137, 40.716883 ] } },
{ "type": "Feature", "properties": { "URL": "https://www.google.com/maps/place/Rolo%E2%80%99s/data=!4m2!3m1!1s0x89c25d083d684859:0xc59c8c9aa3f0c062", "Title": "Rolo’s", "Note": "For lasagna", "Tags": null, "Comment": null, "Categories": "Restaurants and Food", "Status": "visible", "Featured": "no", "Latitude": 40.7019307, "Longitude": -73.9034953, "Matched_Address": "Rolo's, 853, Onderdonk Avenue, Ridgewood, Queens, Queens County, New York, 11385, United States", "Neighborhood": "Ridgewood", "Borough": "Queens", "Primary_Category": "Restaurants and Food", "Emoji": "🍴" }, "geometry": { "type": "Point", "coordinates": [ -73.9034953, 40.7019307 ] } },
{ "type": "Feature", "properties": { "URL": "https://www.google.com/maps/place/Roti+Boti/data=!4m2!3m1!1s0x89c25f4f346f666b:0x16d4de2e98d3fde1", "Title": "Roti Boti", "Note": null, "Tags": null, "Comment": null, "Categories": "Restaurants and Food", "Status": "visible", "Featured": "no", "Latitude": 40.7718909, "Longitude": -73.9259717, "Matched_Address": "Roti Boti, 27-09, 21st Street, Astoria, Queens, Queens County, New York, 11102, United States", "Neighborhood": "Astoria (Central)", "Borough": "Queens", "Primary_Category": "Restaurants and Food", "Emoji": "🍴" }, "geometry": { "type": "Point", "coordinates": [ -73.9259717, 40.7718909 ] } },
{ "type": "Feature", "properties": { "URL": "https://www.google.com/maps/place/Roti+Roll+(Bombay+Frankie)/data=!4m2!3m1!1s0x89c2f63cb9917529:0x29ca114bc7587767", "Title": "Roti Roll (Bombay Frankie)", "Note": null, "Tags": null, "Comment": null, "Categories": "Restaurants and Food", "Status": "visible", "Featured": "no", "Latitude": 40.8025909, "Longitude": -73.9643696, "Matched_Address": "Roti Roll (Bombay Frankie), 994, Amsterdam Avenue, Manhattan Valley, Manhattan Community Board 7, Manhattan, New York County, New York, 10025, United States", "Neighborhood": "Upper West Side-Manhattan Valley", "Borough": "Manhattan", "Primary_Category": "Restaurants and Food", "Emoji": "🍴" }, "geometry": { "type": "Point", "coordinates": [ -73.9643696, 40.8025909 ] } },
{ "type": "Feature", "properties": { "URL": "https://www.google.com/maps/place/Ruhani+Cafe/data=!4m2!3m1!1s0x89c25b125c2a149f:0x6ac322d8e7d203b2", "Title": "Ruhani Cafe", "Note": null, "Tags": null, "Comment": null, "Categories": "Cafes and Desserts", "Status": "visible", "Featured": "no", "Latitude": 40.6853539, "Longitude": -73.9803336, "Matched_Address": "Ruhâni Cafe, 519, Atlantic Avenue, Boerum Hill, Brooklyn, Kings County, New York, 11217, United States", "Neighborhood": "Downtown Brooklyn-DUMBO-Boerum Hill", "Borough": "Brooklyn", "Primary_Category": "Cafes and Desserts", "Emoji": "☕" }, "geometry": { "type": "Point", "coordinates": [ -73.9803336, 40.6853539 ] } },
{ "type": "Feature", "properties": { "URL": "https://www.google.com/maps/place/SAPERAVI/data=!4m2!3m1!1s0x89c259fa0bcb7cb9:0x376ae74bbaadcf0b", "Title": "SAPERAVI", "Note": null, "Tags": null, "Comment": null, "Categories": "Restaurants and Food", "Status": "visible", "Featured": "no", "Latitude": 40.779573, "Longitude": -73.9502846, "Matched_Address": "Saperavi, 1712, 2nd Avenue, Yorkville, Manhattan Community Board 8, Manhattan, New York County, New York, 10128, United States", "Neighborhood": "Upper East Side-Yorkville", "Borough": "Manhattan", "Primary_Category": "Restaurants and Food", "Emoji": "🍴" }, "geometry": { "type": "Point", "coordinates": [ -73.9502846, 40.779573 ] } },
{ "type": "Feature", "properties": { "URL": "https://www.google.com/maps/place/SUNDAY+C%26C+EATERY/data=!4m2!3m1!1s0x89c25930e8abf21f:0x8d3712d0c265cc1c", "Title": "SUNDAY C&C EATERY", "Note": "Vegan", "Tags": null, "Comment": null, "Categories": "Restaurants and Food", "Status": "visible", "Featured": "no", "Latitude": 40.726619, "Longitude": -73.9919996, "Matched_Address": "Sunday C&C Eatery, Great Jones Street, NoHo, Manhattan, New York County, New York, 10012, United States", "Neighborhood": "Greenwich Village", "Borough": "Manhattan", "Primary_Category": "Restaurants and Food", "Emoji": "🍴" }, "geometry": { "type": "Point", "coordinates": [ -73.9919996, 40.726619 ] } },
{ "type": "Feature", "properties": { "URL": "https://www.google.com/maps/place/Saigon+Shack/data=!4m2!3m1!1s0x89c25992279cb0a7:0x47c6705638de9109", "Title": "Saigon Shack", "Note": "Okay for vegetarians", "Tags": null, "Comment": null, "Categories": "Restaurants and Food", "Status": "visible", "Featured": "no", "Latitude": 40.729691, "Longitude": -74.000637, "Matched_Address": "Saigon Shack, 114, MacDougal Street, University Village, Manhattan, New York County, New York, 10012, United States", "Neighborhood": "Greenwich Village", "Borough": "Manhattan", "Primary_Category": "Restaurants and Food", "Emoji": "🍴" }, "geometry": { "type": "Point", "coordinates": [ -74.000637, 40.729691 ] } },
{ "type": "Feature", "properties": { "URL": "https://www.google.com/maps/place/Salt+Hank%E2%80%99s/data=!4m2!3m1!1s0x89c2590054077ddf:0xc59a5863de2cacbe", "Title": "Salt Hank’s", "Note": null, "Tags": null, "Comment": null, "Categories": "Restaurants and Food", "Status": "visible", "Featured": "no", "Latitude": 40.7317339, "Longitude": -74.0034057, "Matched_Address": "Salt Hank's, 280, Bleecker Street, West Village, Manhattan, New York County, New York, 10014, United States", "Neighborhood": "West Village", "Borough": "Manhattan", "Primary_Category": "Restaurants and Food", "Emoji": "🍴" }, "geometry": { "type": "Point", "coordinates": [ -74.0034057, 40.7317339 ] } },
{ "type": "Feature", "properties": { "URL": "https://www.google.com/maps/place/Saravanaa+Bhavan/data=!4m2!3m1!1s0x89c25888a5e913a9:0x2d8206e797c0bdd5", "Title": "Saravanaa Bhavan", "Note": null, "Tags": null, "Comment": null, "Categories": "Restaurants and Food", "Status": "visible", "Featured": "no", "Latitude": 40.7414379, "Longitude": -73.9831543, "Matched_Address": "Saravanaa Bhavan, 81, Lexington Avenue, Rose Hill, Manhattan Community Board 6, Manhattan, New York County, New York, 10016, United States", "Neighborhood": "Gramercy", "Borough": "Manhattan", "Primary_Category": "Restaurants and Food", "Emoji": "🍴" }, "geometry": { "type": "Point", "coordinates": [ -73.9831543, 40.7414379 ] } },
{ "type": "Feature", "properties": { "URL": "https://www.google.com/maps/place/Saxelby+Cheesemongers/data=!4m2!3m1!1s0x89c259bf14e5a8e1:0xb7de2cb434bb7f1e", "Title": "Saxelby Cheesemongers", "Note": null, "Tags": null, "Comment": null, "Categories": "Restaurants and Food", "Status": "visible", "Featured": "no", "Latitude": 40.6707199, "Longitude": -73.9927164, "Matched_Address": "Saxelby Cheesemongers Wholesale, 147, 11th Street, Park Slope, Brooklyn, Kings County, New York, 11215, United States", "Neighborhood": "Carroll Gardens-Cobble Hill-Gowanus-Red Hook", "Borough": "Brooklyn", "Primary_Category": "Restaurants and Food", "Emoji": "🍴" }, "geometry": { "type": "Point", "coordinates": [ -73.9927164, 40.6707199 ] } },
{ "type": "Feature", "properties": { "URL": "https://www.google.com/maps/place/Scarr's+Pizza/data=!4m2!3m1!1s0x89c25a29b69a4a39:0xb65f303d4ac5eb82", "Title": "Scarr's Pizza", "Note": null, "Tags": null, "Comment": null, "Categories": "Restaurants and Food", "Status": "visible", "Featured": "no", "Latitude": 40.7157403, "Longitude": -73.9915692, "Matched_Address": "Scarr's Pizza, 35, Orchard Street, Lower East Side, Manhattan Community Board 3, Manhattan, New York County, New York, 10002, United States", "Neighborhood": "Chinatown-Two Bridges", "Borough": "Manhattan", "Primary_Category": "Restaurants and Food", "Emoji": "🍴" }, "geometry": { "type": "Point", "coordinates": [ -73.9915692, 40.7157403 ] } },
{ "type": "Feature", "properties": { "URL": "https://www.google.com/maps/place/Secret+Pour/data=!4m2!3m1!1s0x89c25dee2a9b7627:0x2879537a798dd4f", "Title": "Secret Pour", "Note": "Hype karaoke", "Tags": null, "Comment": null, "Categories": "Bars", "Status": "visible", "Featured": "no", "Latitude": 40.6937282, "Longitude": -73.9298594, "Matched_Address": "Secret Pour, 1114, DeKalb Avenue, Brooklyn, Kings County, New York, 11221, United States", "Neighborhood": "Bedford-Stuyvesant (East)", "Borough": "Brooklyn", "Primary_Category": "Bars", "Emoji": "🍷" }, "geometry": { "type": "Point", "coordinates": [ -73.9298594, 40.6937282 ] } },
{ "type": "Feature", "properties": { "URL": "https://www.google.com/maps/place/Selva/data=!4m2!3m1!1s0x89c25da120b67131:0x71304db177dbd948", "Title": "Selva", "Note": null, "Tags": null, "Comment": null, "Categories": "Bars", "Status": "visible", "Featured": "no", "Latitude": 40.7062229, "Longitude": -73.9212463, "Matched_Address": "Selva, 1329, Willoughby Avenue, Bushwick, Brooklyn, Kings County, New York, 11237, United States", "Neighborhood": "Bushwick (West)", "Borough": "Brooklyn", "Primary_Category": "Bars", "Emoji": "🍷" }, "geometry": { "type": "Point", "coordinates": [ -73.9212463, 40.7062229 ] } },
{ "type": "Feature", "properties": { "URL": "https://www.google.com/maps/place/Semma/data=!4m2!3m1!1s0x89c259b83bb399c5:0x85e1948bb3e567c7", "Title": "Semma", "Note": "Never tried - Michelin", "Tags": null, "Comment": null, "Categories": "Restaurants and Food", "Status": "visible", "Featured": "no", "Latitude": 40.7360072, "Longitude": -74.0005291, "Matched_Address": "Semma, Greenwich Avenue, Greenwich Village, Manhattan, New York County, New York, 10011, United States", "Neighborhood": "West Village", "Borough": "Manhattan", "Primary_Category": "Restaurants and Food", "Emoji": "🍴" }, "geometry": { "type": "Point", "coordinates": [ -74.0005291, 40.7360072 ] } },
{ "type": "Feature", "properties": { "URL": "https://www.google.com/maps/place/Sheep+Meadow/data=!4m2!3m1!1s0x89c258f3ae5c307b:0x8837aff801306c08", "Title": "Sheep Meadow", "Note": null, "Tags": null, "Comment": null, "Categories": "Things", "Status": "visible", "Featured": "no", "Latitude": 40.7715301, "Longitude": -73.9749958, "Matched_Address": "Sheep Meadow, Manhattan, New York County, New York, United States", "Neighborhood": "Central Park", "Borough": "Manhattan", "Primary_Category": "Things", "Emoji": "✨" }, "geometry": { "type": "Point", "coordinates": [ -73.9749958, 40.7715301 ] } },
{ "type": "Feature", "properties": { "URL": "https://www.google.com/maps/place/Shrine/data=!4m2!3m1!1s0x89c2f67170f24d99:0xd6b0bdb730200fe8", "Title": "Shrine", "Note": null, "Tags": null, "Comment": null, "Categories": "Jazz", "Status": "visible", "Featured": "no", "Latitude": 40.7175806, "Longitude": -74.0032249, "Matched_Address": "Shrine, 368, Broadway, Civic Center, Lower Manhattan, Manhattan, New York County, New York, 10013, United States", "Neighborhood": "Tribeca-Civic Center", "Borough": "Manhattan", "Primary_Category": "Jazz", "Emoji": "🎷" }, "geometry": { "type": "Point", "coordinates": [ -74.0032249, 40.7175806 ] } },
{ "type": "Feature", "properties": { "URL": "https://www.google.com/maps/place/Shu+Jiao+Fu+Zhou/data=!4m2!3m1!1s0x89c25987a0baabdd:0x2982dbd963919b46", "Title": "Shu Jiao Fu Zhou", "Note": null, "Tags": null, "Comment": null, "Categories": "Restaurants and Food", "Status": "visible", "Featured": "no", "Latitude": 40.7174828, "Longitude": -73.992049, "Matched_Address": "Shu Jiao Fu Zhou, 295, Grand Street, Lower East Side, Manhattan Community Board 3, Manhattan, New York County, New York, 10002, United States", "Neighborhood": "Chinatown-Two Bridges", "Borough": "Manhattan", "Primary_Category": "Restaurants and Food", "Emoji": "🍴" }, "geometry": { "type": "Point", "coordinates": [ -73.992049, 40.7174828 ] } },
{ "type": "Feature", "properties": { "URL": "https://www.google.com/maps/place/Shukette/data=!4m2!3m1!1s0x89c259a8a3d9a6b9:0xa91f343a1ae86384", "Title": "Shukette", "Note": null, "Tags": null, "Comment": null, "Categories": "Restaurants and Food", "Status": "visible", "Featured": "no", "Latitude": 40.7471473, "Longitude": -74.0005212, "Matched_Address": "Shukette, West 24th Street, Penn South, Manhattan Community Board 4, Manhattan, New York County, New York, 10011, United States", "Neighborhood": "Chelsea-Hudson Yards", "Borough": "Manhattan", "Primary_Category": "Restaurants and Food", "Emoji": "🍴" }, "geometry": { "type": "Point", "coordinates": [ -74.0005212, 40.7471473 ] } },
{ "type": "Feature", "properties": { "URL": "https://www.google.com/maps/place/Sigiri/data=!4m2!3m1!1s0x89c2599cd2593379:0x684eb275be757683", "Title": "Sigiri", "Note": "Used to be amazing, became bad in the middle, can check out again, byob", "Tags": null, "Comment": null, "Categories": "Restaurants and Food", "Status": "visible", "Featured": "no", "Latitude": 40.7262145, "Longitude": -73.986534, "Matched_Address": "Sigiri Sri Lankan Restaurant, 91, 1st Avenue, East Village, Manhattan Community Board 3, Manhattan, New York County, New York, 10003, United States", "Neighborhood": "East Village", "Borough": "Manhattan", "Primary_Category": "Restaurants and Food", "Emoji": "🍴" }, "geometry": { "type": "Point", "coordinates": [ -73.986534, 40.7262145 ] } },
{ "type": "Feature", "properties": { "URL": "https://www.google.com/maps/place/Silvana/data=!4m2!3m1!1s0x89c2f61692e9755d:0x8ecb140bf758bf78", "Title": "Silvana", "Note": null, "Tags": null, "Comment": null, "Categories": "Jazz", "Status": "visible", "Featured": "no", "Latitude": 40.8044356, "Longitude": -73.9559017, "Matched_Address": "Silvana, 300, West 116th Street, Harlem, Manhattan Community Board 10, Manhattan, New York County, New York, 10026, United States", "Neighborhood": "Harlem (South)", "Borough": "Manhattan", "Primary_Category": "Jazz", "Emoji": "🎷" }, "geometry": { "type": "Point", "coordinates": [ -73.9559017, 40.8044356 ] } },
{ "type": "Feature", "properties": { "URL": "https://www.google.com/maps/place/Sing+Sing+Ave+A./data=!4m2!3m1!1s0x89c25982b7c0e79d:0xc0b20f39a530f846", "Title": "Sing Sing Ave A.", "Note": null, "Tags": null, "Comment": null, "Categories": "Bars", "Status": "visible", "Featured": "no", "Latitude": 40.7251191, "Longitude": -73.9843896, "Matched_Address": "Sing Sing, 81, Avenue A, Alphabet City, Manhattan Community Board 3, Manhattan, New York County, New York, 10009, United States", "Neighborhood": "East Village", "Borough": "Manhattan", "Primary_Category": "Bars", "Emoji": "🍷" }, "geometry": { "type": "Point", "coordinates": [ -73.9843896, 40.7251191 ] } },
{ "type": "Feature", "properties": { "URL": "https://www.google.com/maps/place/Sm%C3%B8r/data=!4m2!3m1!1s0x89c25bb73ecc3135:0x12d5407a3a910922", "Title": "Smør", "Note": "Haven’t tried yet", "Tags": null, "Comment": null, "Categories": "Restaurants and Food", "Status": "visible", "Featured": "no", "Latitude": 40.7293429, "Longitude": -73.9816876, "Matched_Address": "Smør, 441, East 12th Street, Alphabet City, Manhattan Community Board 3, Manhattan, New York County, New York, 10009, United States", "Neighborhood": "East Village", "Borough": "Manhattan", "Primary_Category": "Restaurants and Food", "Emoji": "🍴" }, "geometry": { "type": "Point", "coordinates": [ -73.9816876, 40.7293429 ] } },
{ "type": "Feature", "properties": { "URL": "https://www.google.com/maps/place/Smalls+Jazz+Club/data=!4m2!3m1!1s0x89c25994686b9ebb:0xa994b5b6ffd1279", "Title": "Smalls Jazz Club", "Note": null, "Tags": null, "Comment": null, "Categories": "Jazz", "Status": "visible", "Featured": "no", "Latitude": 40.7343811, "Longitude": -74.0027295, "Matched_Address": "Smalls Jazz Club, West 10th Street, West Village, Manhattan, New York County, New York, 10014, United States", "Neighborhood": "West Village", "Borough": "Manhattan", "Primary_Category": "Jazz", "Emoji": "🎷" }, "geometry": { "type": "Point", "coordinates": [ -74.0027295, 40.7343811 ] } },
{ "type": "Feature", "properties": { "URL": "https://www.google.com/maps/place/Smorgasburg+Williamsburg/data=!4m2!3m1!1s0x89c25967b1b8e0f7:0x927a439e1c9c3b8c", "Title": "Smorgasburg Williamsburg", "Note": null, "Tags": null, "Comment": null, "Categories": "Restaurants and Food", "Status": "visible", "Featured": "no", "Latitude": 40.7209531, "Longitude": -73.9622447, "Matched_Address": "Smorgasburg, 90, Kent Avenue, Williamsburg, Brooklyn, Kings County, New York, 11249, United States", "Neighborhood": "Williamsburg", "Borough": "Brooklyn", "Primary_Category": "Restaurants and Food", "Emoji": "🍴" }, "geometry": { "type": "Point", "coordinates": [ -73.9622447, 40.7209531 ] } },
{ "type": "Feature", "properties": { "URL": "https://www.google.com/maps/place/Socrates+Sculpture+Park/data=!4m2!3m1!1s0x89c258b558e6c8bd:0xc0d1b4d831853d17", "Title": "Socrates Sculpture Park", "Note": null, "Tags": null, "Comment": null, "Categories": "Museum & things", "Status": "visible", "Featured": "no", "Latitude": 40.7682536, "Longitude": -73.9367115, "Matched_Address": "Socrates Sculpture Park, Queens, Queens County, New York, United States", "Neighborhood": "Queensbridge-Ravenswood-Dutch Kills", "Borough": "Queens", "Primary_Category": "Museum & things", "Emoji": "🏛️" }, "geometry": { "type": "Point", "coordinates": [ -73.9367115, 40.7682536 ] } },
{ "type": "Feature", "properties": { "URL": "https://www.google.com/maps/place/Sofreh+Cafe/data=!4m2!3m1!1s0x89c25b26b627a629:0x4cc81187399a02f7", "Title": "Sofreh Cafe", "Note": null, "Tags": null, "Comment": null, "Categories": "Cafes and Desserts", "Status": "visible", "Featured": "no", "Latitude": 40.6811024, "Longitude": -73.9755327, "Matched_Address": "Sofreh Cafe, 216, Flatbush Avenue, Fort Greene, Brooklyn, Kings County, New York, 11217, United States", "Neighborhood": "Park Slope", "Borough": "Brooklyn", "Primary_Category": "Cafes and Desserts", "Emoji": "☕" }, "geometry": { "type": "Point", "coordinates": [ -73.9755327, 40.6811024 ] } },
{ "type": "Feature", "properties": { "URL": "https://www.google.com/maps/place/Solomon+R.+Guggenheim+Museum/data=!4m2!3m1!1s0x89c258a29a5e9e99:0x4a01c8df6fb3cb8", "Title": "Solomon R. Guggenheim Museum", "Note": null, "Tags": null, "Comment": null, "Categories": "Museum & things", "Status": "visible", "Featured": "no", "Latitude": 40.7829932, "Longitude": -73.958925, "Matched_Address": "Guggenheim Museum, 1071, 5th Avenue, Carnegie Hill, Manhattan Community Board 8, Manhattan, New York County, New York, 10128, United States", "Neighborhood": "Upper East Side-Carnegie Hill", "Borough": "Manhattan", "Primary_Category": "Museum & things", "Emoji": "🏛️" }, "geometry": { "type": "Point", "coordinates": [ -73.958925, 40.7829932 ] } },
{ "type": "Feature", "properties": { "URL": "https://www.google.com/maps/place/Spicy+Moon+-+East+Village/data=!4m2!3m1!1s0x89c2595d7bcf1def:0xab76bdf6eade972e", "Title": "Spicy Moon - East Village", "Note": "Good vibes good price", "Tags": null, "Comment": null, "Categories": "Restaurants and Food", "Status": "visible", "Featured": "no", "Latitude": 40.7267295, "Longitude": -73.9871986, "Matched_Address": "Spicy Moon, 328, East 6th Street, East Village, Manhattan Community Board 3, Manhattan, New York County, New York, 10003, United States", "Neighborhood": "East Village", "Borough": "Manhattan", "Primary_Category": "Restaurants and Food", "Emoji": "🍴" }, "geometry": { "type": "Point", "coordinates": [ -73.9871986, 40.7267295 ] } },
{ "type": "Feature", "properties": { "URL": "https://www.google.com/maps/place/Spicy+Moon+-+West+Village/data=!4m2!3m1!1s0x89c2596f0df71365:0x12678cf6f4c9d9e8", "Title": "Spicy Moon - West Village", "Note": "Good vibes too", "Tags": null, "Comment": null, "Categories": "Restaurants and Food", "Status": "visible", "Featured": "no", "Latitude": 40.729402, "Longitude": -73.9982658, "Matched_Address": "Spicy Moon, 68, West 3rd Street, University Village, Manhattan, New York County, New York, 10012, United States", "Neighborhood": "Greenwich Village", "Borough": "Manhattan", "Primary_Category": "Restaurants and Food", "Emoji": "🍴" }, "geometry": { "type": "Point", "coordinates": [ -73.9982658, 40.729402 ] } },
{ "type": "Feature", "properties": { "URL": "https://www.google.com/maps/place/Spicy+Village/data=!4m2!3m1!1s0x89c25a281fc4cab7:0xefe26f1bb5922e6", "Title": "Spicy Village", "Note": null, "Tags": null, "Comment": null, "Categories": "Restaurants and Food", "Status": "visible", "Featured": "no", "Latitude": 40.7170069, "Longitude": -73.993396, "Matched_Address": "Spicy Village, 68B, Forsyth Street, Manhattan Community Board 3, Manhattan, New York County, New York, 10002, United States", "Neighborhood": "Chinatown-Two Bridges", "Borough": "Manhattan", "Primary_Category": "Restaurants and Food", "Emoji": "🍴" }, "geometry": { "type": "Point", "coordinates": [ -73.993396, 40.7170069 ] } },
{ "type": "Feature", "properties": { "URL": "https://www.google.com/maps/place/St+Kilda+Coffee/data=!4m2!3m1!1s0x89c2585398cb1ecd:0x1c444f8aa8477495", "Title": "St Kilda Coffee", "Note": null, "Tags": null, "Comment": null, "Categories": "Cafes and Desserts", "Status": "visible", "Featured": "no", "Latitude": 40.7439702, "Longitude": -73.9997102, "Matched_Address": "St Kilda Coffee, 211, 8th Avenue, Chelsea District, Manhattan Community Board 4, Manhattan, New York County, New York, 10011, United States", "Neighborhood": "Chelsea-Hudson Yards", "Borough": "Manhattan", "Primary_Category": "Cafes and Desserts", "Emoji": "☕" }, "geometry": { "type": "Point", "coordinates": [ -73.9997102, 40.7439702 ] } },
{ "type": "Feature", "properties": { "URL": "https://www.google.com/maps/place/Sugar+Sweet+Sunshine+Bakery/data=!4m2!3m1!1s0x89c259816cb2ee99:0x2c7c7bde3aac5869", "Title": "Sugar Sweet Sunshine Bakery", "Note": null, "Tags": null, "Comment": null, "Categories": "Cafes and Desserts", "Status": "visible", "Featured": "no", "Latitude": 40.7180897, "Longitude": -73.9881711, "Matched_Address": "Sugar Sweet Sunshine, 125, Delancey Street, Lower East Side, Manhattan Community Board 3, Manhattan, New York County, New York, 10002, United States", "Neighborhood": "Lower East Side", "Borough": "Manhattan", "Primary_Category": "Cafes and Desserts", "Emoji": "☕" }, "geometry": { "type": "Point", "coordinates": [ -73.9881711, 40.7180897 ] } },
{ "type": "Feature", "properties": { "URL": "https://www.google.com/maps/place/Super+Taste/data=!4m2!3m1!1s0x89c25a2867d11da1:0xf6be49a877751fc1", "Title": "Super Taste", "Note": null, "Tags": null, "Comment": null, "Categories": "Restaurants and Food", "Status": "visible", "Featured": "no", "Latitude": 40.7151467, "Longitude": -73.9933719, "Matched_Address": "Super Taste, 28N, Eldridge Street, Two Bridges, Manhattan Community Board 3, Manhattan, New York County, New York, 10002, United States", "Neighborhood": "Chinatown-Two Bridges", "Borough": "Manhattan", "Primary_Category": "Restaurants and Food", "Emoji": "🍴" }, "geometry": { "type": "Point", "coordinates": [ -73.9933719, 40.7151467 ] } },
{ "type": "Feature", "properties": { "URL": "https://www.google.com/maps/place/Supermoon+Bakehouse/data=!4m2!3m1!1s0x89c259816b253671:0xa982ed6d6875ed61", "Title": "Supermoon Bakehouse", "Note": "Croissant", "Tags": null, "Comment": null, "Categories": "Cafes and Desserts", "Status": "visible", "Featured": "no", "Latitude": 40.7198311, "Longitude": -73.9872341, "Matched_Address": "Supermoon Bakehouse, 120, Rivington Street, Lower East Side, Manhattan Community Board 3, Manhattan, New York County, New York, 10002, United States", "Neighborhood": "Lower East Side", "Borough": "Manhattan", "Primary_Category": "Cafes and Desserts", "Emoji": "☕" }, "geometry": { "type": "Point", "coordinates": [ -73.9872341, 40.7198311 ] } },
{ "type": "Feature", "properties": { "URL": "https://www.google.com/maps/place/Sweet+Pickle+Books/data=!4m2!3m1!1s0x89c25bdfe4bd90db:0xd57c2e1e22b8c1c2", "Title": "Sweet Pickle Books", "Note": "Book pickle exchange", "Tags": null, "Comment": null, "Categories": "Bookstores", "Status": "visible", "Featured": "no", "Latitude": 40.7164085, "Longitude": -73.9912406, "Matched_Address": "Sweet Pickle Books, 47, Orchard Street, Lower East Side, Manhattan Community Board 3, Manhattan, New York County, New York, 10002, United States", "Neighborhood": "Chinatown-Two Bridges", "Borough": "Manhattan", "Primary_Category": "Bookstores", "Emoji": "📚" }, "geometry": { "type": "Point", "coordinates": [ -73.9912406, 40.7164085 ] } },
{ "type": "Feature", "properties": { "URL": "https://www.google.com/maps/place/T%C3%ADa+Pol/data=!4m2!3m1!1s0x89c259b83eed18f1:0xceb40ab57cc49555", "Title": "Tía Pol", "Note": null, "Tags": null, "Comment": null, "Categories": "Restaurants and Food", "Status": "visible", "Featured": "no", "Latitude": 40.7472782, "Longitude": -74.0047099, "Matched_Address": "Tía Pol, 205, 10th Avenue, Chelsea District, Manhattan Community Board 4, Manhattan, New York County, New York, 10011, United States", "Neighborhood": "Chelsea-Hudson Yards", "Borough": "Manhattan", "Primary_Category": "Restaurants and Food", "Emoji": "🍴" }, "geometry": { "type": "Point", "coordinates": [ -74.0047099, 40.7472782 ] } },
{ "type": "Feature", "properties": { "URL": "https://www.google.com/maps/place/Taco+Mahal/data=!4m2!3m1!1s0x89c25939e5edc48d:0x21f1a0088e1faa20", "Title": "Taco Mahal", "Note": null, "Tags": null, "Comment": null, "Categories": "Restaurants and Food", "Status": "visible", "Featured": "no", "Latitude": 40.7322928, "Longitude": -74.0033379, "Matched_Address": "Taco Mahal, 73, 7th Avenue South, West Village, Manhattan, New York County, New York, 10014, United States", "Neighborhood": "West Village", "Borough": "Manhattan", "Primary_Category": "Restaurants and Food", "Emoji": "🍴" }, "geometry": { "type": "Point", "coordinates": [ -74.0033379, 40.7322928 ] } },
{ "type": "Feature", "properties": { "URL": "https://www.google.com/maps/place/Tadaima/data=!4m2!3m1!1s0x89c25bd6ce910bcf:0xc14c8f221de66c2a", "Title": "Tadaima", "Note": null, "Tags": null, "Comment": null, "Categories": "Cafes and Desserts", "Status": "visible", "Featured": "no", "Latitude": 40.6572572, "Longitude": -74.0074737, "Matched_Address": "Tadaima, 51, 35th Street, Sunset Park, Brooklyn, Kings County, New York, 11232, United States", "Neighborhood": "Sunset Park (West)", "Borough": "Brooklyn", "Primary_Category": "Cafes and Desserts", "Emoji": "☕" }, "geometry": { "type": "Point", "coordinates": [ -74.0074737, 40.6572572 ] } },
{ "type": "Feature", "properties": { "URL": "https://www.google.com/maps/place/Taqueria+Ramirez/data=!4m2!3m1!1s0x89c2598a60020f0f:0xad4c6da40d90f29b", "Title": "Taqueria Ramirez", "Note": null, "Tags": null, "Comment": null, "Categories": "Restaurants and Food", "Status": "visible", "Featured": "no", "Latitude": 40.7278816, "Longitude": -73.9569597, "Matched_Address": "Taqueria Ramírez, 94, Franklin Street, Greenpoint, Brooklyn, Kings County, New York, 11222, United States", "Neighborhood": "Greenpoint", "Borough": "Brooklyn", "Primary_Category": "Restaurants and Food", "Emoji": "🍴" }, "geometry": { "type": "Point", "coordinates": [ -73.9569597, 40.7278816 ] } },
{ "type": "Feature", "properties": { "URL": "https://www.google.com/maps/place/Terremoto+Coffee/data=!4m2!3m1!1s0x89c259beff0c1071:0xdac567a7f95136c8", "Title": "Terremoto Coffee", "Note": null, "Tags": null, "Comment": null, "Categories": "Cafes and Desserts", "Status": "visible", "Featured": "no", "Latitude": 40.7408507, "Longitude": -74.0033241, "Matched_Address": "Terremoto Coffee, 328, West 15th Street, Chelsea District, Manhattan Community Board 4, Manhattan, New York County, New York, 10011, United States", "Neighborhood": "Chelsea-Hudson Yards", "Borough": "Manhattan", "Primary_Category": "Cafes and Desserts", "Emoji": "☕" }, "geometry": { "type": "Point", "coordinates": [ -74.0033241, 40.7408507 ] } },
{ "type": "Feature", "properties": { "URL": "https://www.google.com/maps/place/Thai+Diner/data=!4m2!3m1!1s0x89c259e1eb6b2143:0xf8ef42b02bc96daf", "Title": "Thai Diner", "Note": null, "Tags": null, "Comment": null, "Categories": "Restaurants and Food", "Status": "visible", "Featured": "no", "Latitude": 40.7207443, "Longitude": -73.9957016, "Matched_Address": "Thai Diner, 186, Mott Street, Chinatown, Lower Manhattan, Manhattan, New York County, New York, 10012, United States", "Neighborhood": "SoHo-Little Italy-Hudson Square", "Borough": "Manhattan", "Primary_Category": "Restaurants and Food", "Emoji": "🍴" }, "geometry": { "type": "Point", "coordinates": [ -73.9957016, 40.7207443 ] } },
{ "type": "Feature", "properties": { "URL": "https://www.google.com/maps/place/Thai+Nara/data=!4m2!3m1!1s0x89c25fd38dedac83:0x6fd6c8c67986fa24", "Title": "Thai Nara", "Note": null, "Tags": null, "Comment": null, "Categories": "Restaurants and Food", "Status": "visible", "Featured": "no", "Latitude": 40.7500723, "Longitude": -73.898476, "Matched_Address": "Thai Nara, 64-02, 35th Avenue, Woodside, Queens, Queens County, New York, 11377, United States", "Neighborhood": "Woodside", "Borough": "Queens", "Primary_Category": "Restaurants and Food", "Emoji": "🍴" }, "geometry": { "type": "Point", "coordinates": [ -73.898476, 40.7500723 ] } },
{ "type": "Feature", "properties": { "URL": "https://www.google.com/maps/place/The+Back+Room/data=!4m2!3m1!1s0x89c259811e7d8d9d:0xac44d532c045cf7e", "Title": "The Back Room", "Note": "Prohibition bar", "Tags": null, "Comment": null, "Categories": "Bars", "Status": "visible", "Featured": "no", "Latitude": 40.7187356, "Longitude": -73.9869338, "Matched_Address": "The Back Room, 102, Norfolk Street, Lower East Side, Manhattan Community Board 3, Manhattan, New York County, New York, 10002, United States", "Neighborhood": "Lower East Side", "Borough": "Manhattan", "Primary_Category": "Bars", "Emoji": "🍷" }, "geometry": { "type": "Point", "coordinates": [ -73.9869338, 40.7187356 ] } },
{ "type": "Feature", "properties": { "URL": "https://www.google.com/maps/place/The+Bearded+Baker/data=!4m2!3m1!1s0x89c25baccfd987f3:0x2e7d3e3f76d83e2", "Title": "The Bearded Baker", "Note": null, "Tags": null, "Comment": null, "Categories": "Cafes and Desserts", "Status": "visible", "Featured": "no", "Latitude": 40.6826248, "Longitude": -73.9823598, "Matched_Address": "The Bearded Baker, 8, Saint Marks Place, Boerum Hill, Brooklyn, Kings County, New York, 11217, United States", "Neighborhood": "Carroll Gardens-Cobble Hill-Gowanus-Red Hook", "Borough": "Brooklyn", "Primary_Category": "Cafes and Desserts", "Emoji": "☕" }, "geometry": { "type": "Point", "coordinates": [ -73.9823598, 40.6826248 ] } },
{ "type": "Feature", "properties": { "URL": "https://www.google.com/maps/place/The+Binc/data=!4m2!3m1!1s0x89c25a37a92c8d7d:0x4308c442a1eb771d", "Title": "The Binc", "Note": "Never been looked cool", "Tags": null, "Comment": null, "Categories": "Bars", "Status": "visible", "Featured": "no", "Latitude": 40.6992809, "Longitude": -73.9922822, "Matched_Address": "The Binc, 60, Henry Street, Dumbo, Brooklyn, Kings County, New York, 11201, United States", "Neighborhood": "Brooklyn Heights", "Borough": "Brooklyn", "Primary_Category": "Bars", "Emoji": "🍷" }, "geometry": { "type": "Point", "coordinates": [ -73.9922822, 40.6992809 ] } },
{ "type": "Feature", "properties": { "URL": "https://www.google.com/maps/place/The+Chai+Spot/data=!4m2!3m1!1s0x89c259d2e5705ba5:0xc3246f59ded9c11d", "Title": "The Chai Spot", "Note": null, "Tags": null, "Comment": null, "Categories": "Cafes and Desserts", "Status": "visible", "Featured": "no", "Latitude": 40.719466, "Longitude": -73.996191, "Matched_Address": "The Chai Spot, 156, Mott Street, Chinatown, Lower Manhattan, Manhattan, New York County, New York, 10013, United States", "Neighborhood": "SoHo-Little Italy-Hudson Square", "Borough": "Manhattan", "Primary_Category": "Cafes and Desserts", "Emoji": "☕" }, "geometry": { "type": "Point", "coordinates": [ -73.996191, 40.719466 ] } },
{ "type": "Feature", "properties": { "URL": "https://www.google.com/maps/place/The+Corner+Bookstore/data=!4m2!3m1!1s0x89c258a3c52c3b4f:0xe6768ee7abbfef41", "Title": "The Corner Bookstore", "Note": null, "Tags": null, "Comment": null, "Categories": "Bookstores", "Status": "visible", "Featured": "no", "Latitude": 40.7851513, "Longitude": -73.955491, "Matched_Address": "The Corner Bookstore, 1313, Madison Avenue, Carnegie Hill, Manhattan Community Board 8, Manhattan, New York County, New York, 10128, United States", "Neighborhood": "Upper East Side-Carnegie Hill", "Borough": "Manhattan", "Primary_Category": "Bookstores", "Emoji": "📚" }, "geometry": { "type": "Point", "coordinates": [ -73.955491, 40.7851513 ] } },
{ "type": "Feature", "properties": { "URL": "https://www.google.com/maps/place/The+Garret/data=!4m2!3m1!1s0x89c259937446d191:0x621cdc48d540f163", "Title": "The Garret", "Note": null, "Tags": null, "Comment": null, "Categories": "Bars", "Status": "visible", "Featured": "no", "Latitude": 40.7323251, "Longitude": -74.0038428, "Matched_Address": "The Garret, 296, Bleecker Street, West Village, Manhattan, New York County, New York, 10014, United States", "Neighborhood": "West Village", "Borough": "Manhattan", "Primary_Category": "Bars", "Emoji": "🍷" }, "geometry": { "type": "Point", "coordinates": [ -74.0038428, 40.7323251 ] } },
{ "type": "Feature", "properties": { "URL": "https://www.google.com/maps/place/The+Gibson/data=!4m2!3m1!1s0x89c2595ce9c2bce7:0x1fd462aadddcff27", "Title": "The Gibson", "Note": null, "Tags": null, "Comment": null, "Categories": "Bars", "Status": "visible", "Featured": "no", "Latitude": 40.7202029, "Longitude": -73.9553551, "Matched_Address": "The Gibson, 108, Bedford Avenue, Greenpoint, Williamsburg, Brooklyn, Kings County, New York, 11222, United States", "Neighborhood": "Williamsburg", "Borough": "Brooklyn", "Primary_Category": "Bars", "Emoji": "🍷" }, "geometry": { "type": "Point", "coordinates": [ -73.9553551, 40.7202029 ] } },
{ "type": "Feature", "properties": { "URL": "https://www.google.com/maps/place/The+High+Line/data=!4m2!3m1!1s0x89c259c7840fb4e5:0x583f615c850a3c91", "Title": "The High Line", "Note": "Walk along it", "Tags": null, "Comment": null, "Categories": "Things", "Status": "visible", "Featured": "no", "Latitude": 40.7477038, "Longitude": -74.0048912, "Matched_Address": "The High Line, Little West 12th Street, Meatpacking District, Manhattan, New York County, New York, 10014, United States", "Neighborhood": "Chelsea-Hudson Yards", "Borough": "Manhattan", "Primary_Category": "Things", "Emoji": "✨" }, "geometry": { "type": "Point", "coordinates": [ -74.0048912, 40.7477038 ] } },
{ "type": "Feature", "properties": { "URL": "https://www.google.com/maps/place/The+Kati+Roll+Company/data=!4m2!3m1!1s0x89c2599227e6cc1b:0xb4d5e12eaca2e69", "Title": "The Kati Roll Company", "Note": null, "Tags": null, "Comment": null, "Categories": "Restaurants and Food", "Status": "visible", "Featured": "no", "Latitude": 40.7296565, "Longitude": -74.001091, "Matched_Address": "The Kati Roll Company, 99, MacDougal Street, University Village, Manhattan, New York County, New York, 10012, United States", "Neighborhood": "Greenwich Village", "Borough": "Manhattan", "Primary_Category": "Restaurants and Food", "Emoji": "🍴" }, "geometry": { "type": "Point", "coordinates": [ -74.001091, 40.7296565 ] } },
{ "type": "Feature", "properties": { "URL": "https://www.google.com/maps/place/The+Knickerbocker/data=!4m2!3m1!1s0x89c25854d4ae6e1d:0xff0cfe14c5ebda83", "Title": "The Knickerbocker", "Note": "Rooftop bar, can look down in ballsrop", "Tags": null, "Comment": null, "Categories": "Bars", "Status": "visible", "Featured": "no", "Latitude": 40.7552496, "Longitude": -73.9859797, "Matched_Address": "The Knickerbocker Hotel, 6, Times Square, Manhattan Community Board 5, Manhattan, New York County, New York, 10036, United States", "Neighborhood": "Midtown-Times Square", "Borough": "Manhattan", "Primary_Category": "Bars", "Emoji": "🍷" }, "geometry": { "type": "Point", "coordinates": [ -73.9859797, 40.7552496 ] } },
{ "type": "Feature", "properties": { "URL": "https://www.google.com/maps/place/The+Last+Stop/data=!4m2!3m1!1s0x89c2f362b7dd5aab:0x51e137a2003b75be", "Title": "The Last Stop", "Note": null, "Tags": null, "Comment": null, "Categories": "Bars", "Status": "visible", "Featured": "no", "Latitude": 40.580445, "Longitude": -73.8373252, "Matched_Address": "\"The Last Stop\", 222, Beach 116th Street, Rockaway Park, Queens, Queens County, New York, 11694, United States", "Neighborhood": "Breezy Point-Belle Harbor-Rockaway Park-Broad Channel", "Borough": "Queens", "Primary_Category": "Bars", "Emoji": "🍷" }, "geometry": { "type": "Point", "coordinates": [ -73.8373252, 40.580445 ] } },
{ "type": "Feature", "properties": { "URL": "https://www.google.com/maps/place/The+Mean+Fiddler/data=!4m2!3m1!1s0x89c25854247052df:0x6b72c391ec67a49b", "Title": "The Mean Fiddler", "Note": "Fun vibes, have bottomless brunch", "Tags": null, "Comment": null, "Categories": "Bars", "Status": "visible", "Featured": "no", "Latitude": 40.7601307, "Longitude": -73.9871355, "Matched_Address": "The Mean Fiddler, 266, West 47th Street, Times Square, Manhattan Community Board 5, Manhattan, New York County, New York, 10036, United States", "Neighborhood": "Midtown-Times Square", "Borough": "Manhattan", "Primary_Category": "Bars", "Emoji": "🍷" }, "geometry": { "type": "Point", "coordinates": [ -73.9871355, 40.7601307 ] } },
{ "type": "Feature", "properties": { "URL": "https://www.google.com/maps/place/The+Met+Cloisters/data=!4m2!3m1!1s0x89c2f40170f2a62b:0x9191e7fa95df29ad", "Title": "The Met Cloisters", "Note": null, "Tags": null, "Comment": null, "Categories": "Museum & things", "Status": "visible", "Featured": "no", "Latitude": 40.8648684, "Longitude": -73.9319228, "Matched_Address": "The Met Cloisters, 99, Margaret Corbin Drive, Fort George, Manhattan Community Board 12, Manhattan, New York County, New York, 10040, United States", "Neighborhood": "Washington Heights (North)", "Borough": "Manhattan", "Primary_Category": "Museum & things", "Emoji": "🏛️" }, "geometry": { "type": "Point", "coordinates": [ -73.9319228, 40.8648684 ] } },
{ "type": "Feature", "properties": { "URL": "https://www.google.com/maps/place/The+Metropolitan+Museum+of+Art/data=!4m2!3m1!1s0x89c25896f660c26f:0x3b2fa4f4b6c6a1fa", "Title": "The Metropolitan Museum of Art", "Note": null, "Tags": null, "Comment": null, "Categories": "Museum & things", "Status": "visible", "Featured": "no", "Latitude": 40.7794396, "Longitude": -73.9633825, "Matched_Address": "The Metropolitan Museum of Art, 1000, 5th Avenue, Upper East Side, Manhattan Community Board 8, Manhattan, New York County, New York, 10075, United States", "Neighborhood": "Central Park", "Borough": "Manhattan", "Primary_Category": "Museum & things", "Emoji": "🏛️" }, "geometry": { "type": "Point", "coordinates": [ -73.9633825, 40.7794396 ] } },
{ "type": "Feature", "properties": { "URL": "https://www.google.com/maps/place/The+Morgan+Library+%26+Museum/data=!4m2!3m1!1s0x89c2590738778edf:0x3ba82e23876af8d", "Title": "The Morgan Library & Museum", "Note": null, "Tags": null, "Comment": null, "Categories": "Museum & things", "Status": "visible", "Featured": "no", "Latitude": 40.7492685, "Longitude": -73.9814652, "Matched_Address": "The Morgan Library & Museum, 225, Madison Avenue, Midtown South, Manhattan Community Board 6, Manhattan, New York County, New York, 10016, United States", "Neighborhood": "Midtown-Times Square", "Borough": "Manhattan", "Primary_Category": "Museum & things", "Emoji": "🏛️" }, "geometry": { "type": "Point", "coordinates": [ -73.9814652, 40.7492685 ] } },
{ "type": "Feature", "properties": { "URL": "https://www.google.com/maps/place/The+Noguchi+Museum/data=!4m2!3m1!1s0x89c258caec1c9d51:0xdf2f973033a2c487", "Title": "The Noguchi Museum", "Note": null, "Tags": null, "Comment": null, "Categories": "Museum & things", "Status": "visible", "Featured": "no", "Latitude": 40.7669901, "Longitude": -73.9376072, "Matched_Address": "The Noguchi Museum, 9-01, 33rd Road, Queens, Queens County, New York, 11106, United States", "Neighborhood": "Queensbridge-Ravenswood-Dutch Kills", "Borough": "Queens", "Primary_Category": "Museum & things", "Emoji": "🏛️" }, "geometry": { "type": "Point", "coordinates": [ -73.9376072, 40.7669901 ] } },
{ "type": "Feature", "properties": { "URL": "https://www.google.com/maps/place/The+Red+Pavilion/data=!4m2!3m1!1s0x89c25f1530e22ad3:0xf5542723b6abac42", "Title": "The Red Pavilion", "Note": null, "Tags": null, "Comment": null, "Categories": "Jazz", "Status": "visible", "Featured": "no", "Latitude": 40.7082603, "Longitude": -73.9233998, "Matched_Address": "The Red Pavilion, 1241, Flushing Avenue, Bushwick, Brooklyn, Kings County, New York, 11237, United States", "Neighborhood": "East Williamsburg", "Borough": "Brooklyn", "Primary_Category": "Jazz", "Emoji": "🎷" }, "geometry": { "type": "Point", "coordinates": [ -73.9233998, 40.7082603 ] } },
{ "type": "Feature", "properties": { "URL": "https://www.google.com/maps/place/The+Stone/data=!4m2!3m1!1s0x89c25978c407c01d:0xf5676336f369923d", "Title": "The Stone", "Note": null, "Tags": null, "Comment": null, "Categories": "Jazz", "Status": "visible", "Featured": "no", "Latitude": 40.7511987, "Longitude": -73.9662908, "Matched_Address": "Replica of Commemorative Stone in Honour of the Victims of Extreme Poverty, FDR Drive, United Nations, Manhattan Community Board 6, Manhattan, New York County, New York, 10017, United States", "Neighborhood": "United Nations", "Borough": "Manhattan", "Primary_Category": "Jazz", "Emoji": "🎷" }, "geometry": { "type": "Point", "coordinates": [ -73.9662908, 40.7511987 ] } },
{ "type": "Feature", "properties": { "URL": "https://www.google.com/maps/place/The+Uncommons/data=!4m2!3m1!1s0x89c25991bc886989:0xee1e9d3564f4da55", "Title": "The Uncommons", "Note": null, "Tags": null, "Comment": null, "Categories": "Things", "Status": "visible", "Featured": "no", "Latitude": 40.729416, "Longitude": -73.9987086, "Matched_Address": "The Uncommons, 230, Thompson Street, University Village, Manhattan, New York County, New York, 10012, United States", "Neighborhood": "Greenwich Village", "Borough": "Manhattan", "Primary_Category": "Things", "Emoji": "✨" }, "geometry": { "type": "Point", "coordinates": [ -73.9987086, 40.729416 ] } },
{ "type": "Feature", "properties": { "URL": "https://www.google.com/maps/place/The+Woods/data=!4m2!3m1!1s0x89c25bd8a3aaa635:0x84c9140fd41efd85", "Title": "The Woods", "Note": null, "Tags": null, "Comment": null, "Categories": "Bars", "Status": "visible", "Featured": "no", "Latitude": 40.7129071, "Longitude": -73.9663175, "Matched_Address": "The Woods, 48, South 4th Street, Brooklyn, Kings County, New York, 11211, United States", "Neighborhood": "Williamsburg", "Borough": "Brooklyn", "Primary_Category": "Bars", "Emoji": "🍷" }, "geometry": { "type": "Point", "coordinates": [ -73.9663175, 40.7129071 ] } },
{ "type": "Feature", "properties": { "URL": "https://www.google.com/maps/place/Think+Coffee/data=!4m2!3m1!1s0x89c259ca0a28731f:0xd3d13e0daf7fae6c", "Title": "Think Coffee", "Note": null, "Tags": null, "Comment": null, "Categories": "Cafes and Desserts", "Status": "visible", "Featured": "no", "Latitude": 40.7254073, "Longitude": -73.9923897, "Matched_Address": "Think Coffee, 1, Bleecker Street, NoHo, Manhattan, New York County, New York, 10012, United States", "Neighborhood": "Greenwich Village", "Borough": "Manhattan", "Primary_Category": "Cafes and Desserts", "Emoji": "☕" }, "geometry": { "type": "Point", "coordinates": [ -73.9923897, 40.7254073 ] } },
{ "type": "Feature", "properties": { "URL": "https://www.google.com/maps/place/Three+Lives+%26+Company/data=!4m2!3m1!1s0x89c259943d2226e1:0xc68449b7fff5f133", "Title": "Three Lives & Company", "Note": null, "Tags": null, "Comment": null, "Categories": "Bookstores", "Status": "visible", "Featured": "no", "Latitude": 40.7343633, "Longitude": -74.0015255, "Matched_Address": "Three Lives & Company, 154, West 10th Street, West Village, Manhattan, New York County, New York, 10014, United States", "Neighborhood": "West Village", "Borough": "Manhattan", "Primary_Category": "Bookstores", "Emoji": "📚" }, "geometry": { "type": "Point", "coordinates": [ -74.0015255, 40.7343633 ] } },
{ "type": "Feature", "properties": { "URL": "https://www.google.com/maps/place/Thrift+NYC/data=!4m2!3m1!1s0x89c2594828cb4d25:0x97035bc1819333fe", "Title": "Thrift NYC", "Note": null, "Tags": null, "Comment": null, "Categories": "Things", "Status": "visible", "Featured": "no", "Latitude": 40.7326578, "Longitude": -73.9860897, "Matched_Address": "Thrift NYC, 226, East 14th Street, Gramercy, Manhattan Community Board 3, Manhattan, New York County, New York, 10003, United States", "Neighborhood": "East Village", "Borough": "Manhattan", "Primary_Category": "Things", "Emoji": "✨" }, "geometry": { "type": "Point", "coordinates": [ -73.9860897, 40.7326578 ] } },
{ "type": "Feature", "properties": { "URL": "https://www.google.com/maps/place/Time+Out+Market+New+York/data=!4m2!3m1!1s0x89c25bac5902a3f5:0xd416713099467264", "Title": "Time Out Market New York", "Note": null, "Tags": null, "Comment": null, "Categories": "Restaurants and Food", "Status": "visible", "Featured": "no", "Latitude": 40.7035986, "Longitude": -73.9918867, "Matched_Address": "Time Out Market New York, 55, Water Street, Dumbo, Brooklyn, Kings County, New York, 11201, United States", "Neighborhood": "Downtown Brooklyn-DUMBO-Boerum Hill", "Borough": "Brooklyn", "Primary_Category": "Restaurants and Food", "Emoji": "🍴" }, "geometry": { "type": "Point", "coordinates": [ -73.9918867, 40.7035986 ] } },
{ "type": "Feature", "properties": { "URL": "https://www.google.com/maps/place/Tofubox/data=!4m2!3m1!1s0x89c259f02f8b7daf:0x739febe6e30c3b9f", "Title": "Tofubox", "Note": null, "Tags": null, "Comment": null, "Categories": "Restaurants and Food", "Status": "visible", "Featured": "no", "Latitude": 40.7112483, "Longitude": -73.9467961, "Matched_Address": "Tofubox, 632, Grand Street, Williamsburg, Brooklyn, Kings County, New York, 11206, United States", "Neighborhood": "East Williamsburg", "Borough": "Brooklyn", "Primary_Category": "Restaurants and Food", "Emoji": "🍴" }, "geometry": { "type": "Point", "coordinates": [ -73.9467961, 40.7112483 ] } },
{ "type": "Feature", "properties": { "URL": "https://www.google.com/maps/place/Tomi+Jazz/data=!4m2!3m1!1s0x89c258e39ba7c455:0x54f3dcc370af689c", "Title": "Tomi Jazz", "Note": null, "Tags": null, "Comment": null, "Categories": "Jazz", "Status": "visible", "Featured": "no", "Latitude": 40.7571763, "Longitude": -73.9678034, "Matched_Address": "Tomi Jazz, 239, East 53rd Street, Turtle Bay, Manhattan Community Board 6, Manhattan, New York County, New York, 10022, United States", "Neighborhood": "East Midtown-Turtle Bay", "Borough": "Manhattan", "Primary_Category": "Jazz", "Emoji": "🎷" }, "geometry": { "type": "Point", "coordinates": [ -73.9678034, 40.7571763 ] } },
{ "type": "Feature", "properties": { "URL": "https://www.google.com/maps/place/Tooker+Alley/data=!4m2!3m1!1s0x89c25b0a7c316b7d:0x7abfeb58abdee9a1", "Title": "Tooker Alley", "Note": null, "Tags": null, "Comment": null, "Categories": "Bars", "Status": "visible", "Featured": "no", "Latitude": 40.6728072, "Longitude": -73.9626303, "Matched_Address": "Tooker Alley, 793, Washington Avenue, Brooklyn, Kings County, New York, 11238, United States", "Neighborhood": "Prospect Heights", "Borough": "Brooklyn", "Primary_Category": "Bars", "Emoji": "🍷" }, "geometry": { "type": "Point", "coordinates": [ -73.9626303, 40.6728072 ] } },
{ "type": "Feature", "properties": { "URL": "https://www.google.com/maps/place/Trader+Joe's/data=!4m2!3m1!1s0x89c259a35f429c23:0x32d8300b435237de", "Title": "Trader Joe's", "Note": null, "Tags": null, "Comment": null, "Categories": "Usable Shops and Markets", "Status": "visible", "Featured": "no", "Latitude": 40.6895208, "Longitude": -73.9928556, "Matched_Address": "Trader Joe's, 130, Court Street, Cobble Hill Historic District, Brooklyn, Kings County, New York, 11201, United States", "Neighborhood": "Carroll Gardens-Cobble Hill-Gowanus-Red Hook", "Borough": "Brooklyn", "Primary_Category": "Usable Shops and Markets", "Emoji": "🛍️" }, "geometry": { "type": "Point", "coordinates": [ -73.9928556, 40.6895208 ] } },
{ "type": "Feature", "properties": { "URL": "https://www.google.com/maps/place/Turtles+all+the+way+down/data=!4m2!3m1!1s0x89c25df61ffba40b:0xcd929719ca3441a", "Title": "Turtles all the way down", "Note": "Turtle Race", "Tags": null, "Comment": null, "Categories": "Bars", "Status": "visible", "Featured": "no", "Latitude": 40.6850793, "Longitude": -73.9296356, "Matched_Address": "Turtles All The Way Down, 236, Malcolm X Boulevard, Bushwick, Brooklyn, Kings County, New York, 11233, United States", "Neighborhood": "Bedford-Stuyvesant (East)", "Borough": "Brooklyn", "Primary_Category": "Bars", "Emoji": "🍷" }, "geometry": { "type": "Point", "coordinates": [ -73.9296356, 40.6850793 ] } },
{ "type": "Feature", "properties": { "URL": "https://www.google.com/maps/place/Txikito/data=!4m2!3m1!1s0x89c259b9f931e717:0x459e4878fa5da046", "Title": "Txikito", "Note": null, "Tags": null, "Comment": null, "Categories": "Restaurants and Food", "Status": "visible", "Featured": "no", "Latitude": 40.7473898, "Longitude": -74.0004115, "Matched_Address": "Txikito, 240, 9th Avenue, Chelsea District, Manhattan Community Board 4, Manhattan, New York County, New York, 10001, United States", "Neighborhood": "Chelsea-Hudson Yards", "Borough": "Manhattan", "Primary_Category": "Restaurants and Food", "Emoji": "🍴" }, "geometry": { "type": "Point", "coordinates": [ -74.0004115, 40.7473898 ] } },
{ "type": "Feature", "properties": { "URL": "https://www.google.com/maps/place/Vacations+BK/data=!4m2!3m1!1s0x89c25f29784b4fa1:0xc7e91c351bd78f92", "Title": "Vacations BK", "Note": null, "Tags": null, "Comment": null, "Categories": "Bars", "Status": "visible", "Featured": "no", "Latitude": 40.7083488, "Longitude": -73.9203645, "Matched_Address": "Vacations Bar & Rooftop, 48, Cypress Avenue, Ridgewood, Brooklyn, Kings County, New York, 11237, United States", "Neighborhood": "Bushwick (West)", "Borough": "Brooklyn", "Primary_Category": "Bars", "Emoji": "🍷" }, "geometry": { "type": "Point", "coordinates": [ -73.9203645, 40.7083488 ] } },
{ "type": "Feature", "properties": { "URL": "https://www.google.com/maps/place/Veniero's+Pasticceria+%26+Caffe/data=!4m2!3m1!1s0x89c2599dc00920ef:0x7ee3e090ffb18fd5", "Title": "Veniero's Pasticceria & Caffe", "Note": null, "Tags": null, "Comment": null, "Categories": "Cafes and Desserts", "Status": "visible", "Featured": "no", "Latitude": 40.7294715, "Longitude": -73.9844822, "Matched_Address": "Veniero's Pasticceria & Caffé, 342, East 11th Street, East Village, Manhattan Community Board 3, Manhattan, New York County, New York, 10003, United States", "Neighborhood": "East Village", "Borough": "Manhattan", "Primary_Category": "Cafes and Desserts", "Emoji": "☕" }, "geometry": { "type": "Point", "coordinates": [ -73.9844822, 40.7294715 ] } },
{ "type": "Feature", "properties": { "URL": "https://www.google.com/maps/place/Verlaine/data=!4m2!3m1!1s0x89c25981473a3703:0x84ce5e53b27c7e32", "Title": "Verlaine", "Note": null, "Tags": null, "Comment": null, "Categories": "Bars", "Status": "visible", "Featured": "no", "Latitude": 40.7200177, "Longitude": -73.9878219, "Matched_Address": "Verlaine, 110, Rivington Street, Lower East Side, Manhattan Community Board 3, Manhattan, New York County, New York, 10002, United States", "Neighborhood": "Lower East Side", "Borough": "Manhattan", "Primary_Category": "Bars", "Emoji": "🍷" }, "geometry": { "type": "Point", "coordinates": [ -73.9878219, 40.7200177 ] } },
{ "type": "Feature", "properties": { "URL": "https://www.google.com/maps/place/Videogamesnewyork/data=!4m2!3m1!1s0x89c2599b13692597:0xb19d7a942a51dd8c", "Title": "Videogamesnewyork", "Note": null, "Tags": null, "Comment": null, "Categories": "Things", "Status": "visible", "Featured": "no", "Latitude": 40.7280999, "Longitude": -73.9904803, "Matched_Address": "Videogamesnewyork, 202, East 6th Street, East Village, Manhattan Community Board 3, Manhattan, New York County, New York, 10003, United States", "Neighborhood": "East Village", "Borough": "Manhattan", "Primary_Category": "Things", "Emoji": "✨" }, "geometry": { "type": "Point", "coordinates": [ -73.9904803, 40.7280999 ] } },
{ "type": "Feature", "properties": { "URL": "https://www.google.com/maps/place/Village+Vanguard/data=!4m2!3m1!1s0x89c25995cf058dd5:0x21dab46c9da0af89", "Title": "Village Vanguard", "Note": null, "Tags": null, "Comment": null, "Categories": "Jazz", "Status": "visible", "Featured": "no", "Latitude": 40.7360198, "Longitude": -74.0016392, "Matched_Address": "Village Vanguard, 178, 7th Avenue South, West Village, Manhattan, New York County, New York, 10014, United States", "Neighborhood": "West Village", "Borough": "Manhattan", "Primary_Category": "Jazz", "Emoji": "🎷" }, "geometry": { "type": "Point", "coordinates": [ -74.0016392, 40.7360198 ] } },
{ "type": "Feature", "properties": { "URL": "https://www.google.com/maps/place/Vintage+India+NYC/data=!4m2!3m1!1s0x89c259082e54434d:0x47e0efad7e59e736", "Title": "Vintage India NYC", "Note": null, "Tags": null, "Comment": null, "Categories": "Things", "Status": "visible", "Featured": "no", "Latitude": 40.7430708, "Longitude": -73.9823319, "Matched_Address": "Vintage India NYC, 132, Lexington Avenue, Kips Bay, Manhattan Community Board 5, Manhattan, New York County, New York, 10016, United States", "Neighborhood": "Murray Hill-Kips Bay", "Borough": "Manhattan", "Primary_Category": "Things", "Emoji": "✨" }, "geometry": { "type": "Point", "coordinates": [ -73.9823319, 40.7430708 ] } },
{ "type": "Feature", "properties": { "URL": "https://www.google.com/maps/place/Von/data=!4m2!3m1!1s0x89c25985170bc839:0x3ab1fd29453f29d1", "Title": "Von", "Note": "Go downstairs v cozy", "Tags": null, "Comment": null, "Categories": "Bars", "Status": "visible", "Featured": "no", "Latitude": 40.7254448, "Longitude": -73.9926303, "Matched_Address": "Von, 3, Bleecker Street, NoHo, Manhattan, New York County, New York, 10012, United States", "Neighborhood": "Greenwich Village", "Borough": "Manhattan", "Primary_Category": "Bars", "Emoji": "🍷" }, "geometry": { "type": "Point", "coordinates": [ -73.9926303, 40.7254448 ] } },
{ "type": "Feature", "properties": { "URL": "https://www.google.com/maps/place/Welcome+Home/data=!4m2!3m1!1s0x89c25b0072549f11:0x713bf6855621b833", "Title": "Welcome Home", "Note": null, "Tags": null, "Comment": null, "Categories": "Cafes and Desserts", "Status": "visible", "Featured": "no", "Latitude": 40.6881096, "Longitude": -73.9546796, "Matched_Address": "Welcome Home, 1047, Bedford Avenue, Brooklyn, Kings County, New York, 11216, United States", "Neighborhood": "Bedford-Stuyvesant (West)", "Borough": "Brooklyn", "Primary_Category": "Cafes and Desserts", "Emoji": "☕" }, "geometry": { "type": "Point", "coordinates": [ -73.9546796, 40.6881096 ] } },
{ "type": "Feature", "properties": { "URL": "https://www.google.com/maps/place/West+Bank+Cafe/data=!4m2!3m1!1s0x89c25852f4412407:0x61a8c42862edf4ed", "Title": "West Bank Cafe", "Note": null, "Tags": null, "Comment": null, "Categories": "Restaurants and Food", "Status": "visible", "Featured": "no", "Latitude": 40.7587872, "Longitude": -73.9930533, "Matched_Address": "West Bank Cafe, 407, West 42nd Street, Manhattan Community Board 4, Manhattan, New York County, New York, 10036, United States", "Neighborhood": "Hell's Kitchen", "Borough": "Manhattan", "Primary_Category": "Restaurants and Food", "Emoji": "🍴" }, "geometry": { "type": "Point", "coordinates": [ -73.9930533, 40.7587872 ] } },
{ "type": "Feature", "properties": { "URL": "https://www.google.com/maps/place/While+in+Kathmandu/data=!4m2!3m1!1s0x89c25c212afa2779:0xdb062a3fe0026087", "Title": "While in Kathmandu", "Note": null, "Tags": null, "Comment": null, "Categories": "Restaurants and Food", "Status": "visible", "Featured": "no", "Latitude": 40.7020423, "Longitude": -73.9066086, "Matched_Address": "While In Kathmandu, 758, Seneca Avenue, Ridgewood, Queens, Queens County, New York, 11385, United States", "Neighborhood": "Ridgewood", "Borough": "Queens", "Primary_Category": "Restaurants and Food", "Emoji": "🍴" }, "geometry": { "type": "Point", "coordinates": [ -73.9066086, 40.7020423 ] } },
{ "type": "Feature", "properties": { "URL": "https://www.google.com/maps/place/Whitney+Museum+of+American+Art/data=!4m2!3m1!1s0x89c25894ea097337:0xc63f52f9d53d7889", "Title": "Whitney Museum of American Art", "Note": "Poster vending machine at gift shop", "Tags": null, "Comment": null, "Categories": "Museum & things", "Status": "visible", "Featured": "no", "Latitude": 40.7396451, "Longitude": -74.008921, "Matched_Address": "Whitney Museum of American Art, 99, Gansevoort Street, Meatpacking District, Manhattan, New York County, New York, 10014, United States", "Neighborhood": "West Village", "Borough": "Manhattan", "Primary_Category": "Museum & things", "Emoji": "🏛️" }, "geometry": { "type": "Point", "coordinates": [ -74.008921, 40.7396451 ] } },
{ "type": "Feature", "properties": { "URL": "https://www.google.com/maps/place/Wiggle+Room/data=!4m2!3m1!1s0x89c259a796fa9577:0x5e02a9542df83499", "Title": "Wiggle Room", "Note": null, "Tags": null, "Comment": null, "Categories": "Bars", "Status": "visible", "Featured": "no", "Latitude": 40.7226149, "Longitude": -73.9862173, "Matched_Address": "Wiggle Room, 9, Avenue A, Alphabet City, Manhattan Community Board 3, Manhattan, New York County, New York, 10009, United States", "Neighborhood": "East Village", "Borough": "Manhattan", "Primary_Category": "Bars", "Emoji": "🍷" }, "geometry": { "type": "Point", "coordinates": [ -73.9862173, 40.7226149 ] } },
{ "type": "Feature", "properties": { "URL": "https://www.google.com/maps/place/Xin+Fa+Bakery/data=!4m2!3m1!1s0x89c2454a63033d61:0x82aae6b0dfb63407", "Title": "Xin Fa Bakery", "Note": null, "Tags": null, "Comment": null, "Categories": "Cafes and Desserts", "Status": "visible", "Featured": "no", "Latitude": 40.6372726, "Longitude": -74.0073276, "Matched_Address": "Xin Fa Bakery, 5615, 8th Avenue, Dyker Heights, Brooklyn, Kings County, New York, 11220, United States", "Neighborhood": "Sunset Park (East)-Borough Park (West)", "Borough": "Brooklyn", "Primary_Category": "Cafes and Desserts", "Emoji": "☕" }, "geometry": { "type": "Point", "coordinates": [ -74.0073276, 40.6372726 ] } },
{ "type": "Feature", "properties": { "URL": "https://www.google.com/maps/place/YUBU/data=!4m2!3m1!1s0x89c259cfbaa63c0b:0xa570face20d149c1", "Title": "YUBU", "Note": null, "Tags": null, "Comment": null, "Categories": "Cafes and Desserts", "Status": "visible", "Featured": "no", "Latitude": 40.7270578, "Longitude": -73.9861765, "Matched_Address": "Yubu, 86, East 7th Street, East Village, Manhattan Community Board 3, Manhattan, New York County, New York, 10003, United States", "Neighborhood": "East Village", "Borough": "Manhattan", "Primary_Category": "Cafes and Desserts", "Emoji": "☕" }, "geometry": { "type": "Point", "coordinates": [ -73.9861765, 40.7270578 ] } },
{ "type": "Feature", "properties": { "URL": "https://www.google.com/maps/place/Yafa+Cafe/data=!4m2!3m1!1s0x89c25b006081bff7:0x7ba11a7db48d5a38", "Title": "Yafa Cafe", "Note": null, "Tags": null, "Comment": null, "Categories": "Cafes and Desserts", "Status": "visible", "Featured": "no", "Latitude": 40.6856736, "Longitude": -73.9792726, "Matched_Address": "Yafa Cafe, 505, State Street, Boerum Hill, Brooklyn, Kings County, New York, 11217, United States", "Neighborhood": "Downtown Brooklyn-DUMBO-Boerum Hill", "Borough": "Brooklyn", "Primary_Category": "Cafes and Desserts", "Emoji": "☕" }, "geometry": { "type": "Point", "coordinates": [ -73.9792726, 40.6856736 ] } },
{ "type": "Feature", "properties": { "URL": "https://www.google.com/maps/place/Yardsale+cafe/data=!4m2!3m1!1s0x89c25b42aa6d55d3:0x84afc146498e8a4b", "Title": "Yardsale cafe", "Note": null, "Tags": null, "Comment": null, "Categories": "Cafes and Desserts | Things", "Status": "visible", "Featured": "no", "Latitude": 40.6634448, "Longitude": -73.991455, "Matched_Address": "Yardsale Cafe, 620, 5th Avenue, Sunset Park, Brooklyn, Kings County, New York, 11215, United States", "Neighborhood": "Sunset Park (West)", "Borough": "Brooklyn", "Primary_Category": "Cafes and Desserts", "Emoji": "☕" }, "geometry": { "type": "Point", "coordinates": [ -73.991455, 40.6634448 ] } },
{ "type": "Feature", "properties": { "URL": "https://www.google.com/maps/place/Zabar%E2%80%99s+Caf%C3%A9/data=!4m2!3m1!1s0x89c259001576811b:0x5783303eb03080f1", "Title": "Zabar’s Café", "Note": null, "Tags": null, "Comment": null, "Categories": "Cafes and Desserts", "Status": "visible", "Featured": "no", "Latitude": 40.7847359, "Longitude": -73.9796748, "Matched_Address": "Zabar's Cafe, 2241, Broadway, Upper West Side, Manhattan Community Board 7, Manhattan, New York County, New York, 10024, United States", "Neighborhood": "Upper West Side (Central)", "Borough": "Manhattan", "Primary_Category": "Cafes and Desserts", "Emoji": "☕" }, "geometry": { "type": "Point", "coordinates": [ -73.9796748, 40.7847359 ] } },
{ "type": "Feature", "properties": { "URL": "https://www.google.com/maps/place/Zeppola+Bakery/data=!4m2!3m1!1s0x89c259509bcf12d3:0x4b3663e2b2e0420d", "Title": "Zeppola Bakery", "Note": null, "Tags": null, "Comment": null, "Categories": "Cafes and Desserts", "Status": "visible", "Featured": "no", "Latitude": 40.7525498, "Longitude": -73.9892388, "Matched_Address": "Zeppola Italian Bakery, 7th Avenue, Garment District, Manhattan Community Board 5, Manhattan, New York County, New York, 10018, United States", "Neighborhood": "Midtown-Times Square", "Borough": "Manhattan", "Primary_Category": "Cafes and Desserts", "Emoji": "☕" }, "geometry": { "type": "Point", "coordinates": [ -73.9892388, 40.7525498 ] } },
{ "type": "Feature", "properties": { "URL": "https://www.google.com/maps/place/Zero+Otto+Nove/data=!4m2!3m1!1s0x89c2f48751b2a8e1:0xf3352ba247ab7897", "Title": "Zero Otto Nove", "Note": null, "Tags": null, "Comment": null, "Categories": "Restaurants and Food", "Status": "visible", "Featured": "no", "Latitude": 40.8547264, "Longitude": -73.8884476, "Matched_Address": "Zero Otto Nove, 2357, Arthur Avenue, Belmont, The Bronx, Bronx County, New York, 10458, United States", "Neighborhood": "Belmont", "Borough": "Bronx", "Primary_Category": "Restaurants and Food", "Emoji": "🍴" }, "geometry": { "type": "Point", "coordinates": [ -73.8884476, 40.8547264 ] } },
{ "type": "Feature", "properties": { "URL": "https://www.google.com/maps/place/Zinc+Bar/data=!4m2!3m1!1s0x89c25991a249ba2d:0xbbc4c6c1741aa22e", "Title": "Zinc Bar", "Note": null, "Tags": null, "Comment": null, "Categories": "Bars", "Status": "visible", "Featured": "no", "Latitude": 40.7297474, "Longitude": -73.9989338, "Matched_Address": "Zinc, 82, West 3rd Street, University Village, Manhattan, New York County, New York, 10012, United States", "Neighborhood": "Greenwich Village", "Borough": "Manhattan", "Primary_Category": "Bars", "Emoji": "🍷" }, "geometry": { "type": "Point", "coordinates": [ -73.9989338, 40.7297474 ] } },
{ "type": "Feature", "properties": { "URL": "https://www.google.com/maps/place/Zuri+Coffee/data=!4m2!3m1!1s0x89c2590047873355:0x9e9feac7dd99db1e", "Title": "Zuri Coffee", "Note": null, "Tags": null, "Comment": null, "Categories": "Cafes and Desserts", "Status": "visible", "Featured": "no", "Latitude": 40.7700555, "Longitude": -73.9516342, "Matched_Address": "Zuri Coffee, 1443, York Avenue, Lenox Hill, Manhattan Community Board 8, Manhattan, New York County, New York, 10021, United States", "Neighborhood": "Upper East Side-Lenox Hill-Roosevelt Island", "Borough": "Manhattan", "Primary_Category": "Cafes and Desserts", "Emoji": "☕" }, "geometry": { "type": "Point", "coordinates": [ -73.9516342, 40.7700555 ] } },
{ "type": "Feature", "properties": { "URL": "https://www.google.com/maps/place/al+Badawi/data=!4m2!3m1!1s0x89c25bd0b25ffd2f:0x206b8fb0b7a1a755", "Title": "al Badawi", "Note": null, "Tags": null, "Comment": null, "Categories": "Restaurants and Food", "Status": "visible", "Featured": "no", "Latitude": 40.7799787, "Longitude": -73.9504323, "Matched_Address": "Al-Badawi, 1725, 2nd Avenue, Yorkville, Manhattan Community Board 8, Manhattan, New York County, New York, 10128, United States", "Neighborhood": "Upper East Side-Yorkville", "Borough": "Manhattan", "Primary_Category": "Restaurants and Food", "Emoji": "🍴" }, "geometry": { "type": "Point", "coordinates": [ -73.9504323, 40.7799787 ] } },
{ "type": "Feature", "properties": { "URL": "https://www.google.com/maps/place/duckduck/data=!4m2!3m1!1s0x89c25bfdccd3192f:0x5470ee643b64be19", "Title": "duckduck", "Note": null, "Tags": null, "Comment": null, "Categories": "Bars", "Status": "visible", "Featured": "no", "Latitude": 40.707503, "Longitude": -73.9427869, "Matched_Address": "duckduck, 161, Montrose Avenue, Williamsburg, Brooklyn, Kings County, New York, 11206, United States", "Neighborhood": "East Williamsburg", "Borough": "Brooklyn", "Primary_Category": "Bars", "Emoji": "🍷" }, "geometry": { "type": "Point", "coordinates": [ -73.9427869, 40.707503 ] } },
{ "type": "Feature", "properties": { "URL": "https://www.google.com/maps/place/niconeco+zakkaya/data=!4m2!3m1!1s0x89c259bafb92d6a5:0xf52b9db09041efc2", "Title": "niconeco zakkaya", "Note": null, "Tags": null, "Comment": null, "Categories": "Things", "Status": "visible", "Featured": "no", "Latitude": 40.7284229, "Longitude": -73.9833099, "Matched_Address": "Niconeco Zakkaya, East 10th Street, East Village, Manhattan Community Board 3, Manhattan, New York County, New York, 10009, United States", "Neighborhood": "East Village", "Borough": "Manhattan", "Primary_Category": "Things", "Emoji": "✨" }, "geometry": { "type": "Point", "coordinates": [ -73.9833099, 40.7284229 ] } }
]
}
